|||Sütunlar||||||||||||
Satırlar|||Türkiye-TR||||||||||||
|||01-Ocak|02-Şubat|03-Mart|04-Nisan|05-Mayıs|06-Haziran|07-Temmuz|08-Ağustos|09-Eylül|10-Ekim|11-Kasım|12-Aralık|
|||||||||||||||
İşsiz (Bin)|1. (15+) ve 1. (Okuma Yazma Bilmeyen) ve 1. (Tam Zamanlı)|2014|63.0|63.0|60.0|51.0|48.0|44.0|50.0|51.0|64.0|72.0|73.0|67.0|
||2015|60.0|53.0|50.0|39.0|41.0|44.0|48.0|53.0|58.0|57.0|55.0|60.0|
||2016|68.0|67.0|51.0|41.0|40.0|43.0|42.0|42.0|43.0|51.0|63.0|73.0|
||2017|72.0|70.0|53.0|54.0|43.0|52.0|44.0|50.0|48.0|51.0|58.0|61.0|
||2018|72.0|58.0|55.0|46.0|42.0|44.0|48.0|63.0|60.0|55.0|55.0|72.0|
||2019|108.0|123.0|116.0|95.0|75.0|72.0|69.0|73.0|71.0|69.0|62.0|79.0|
||2020|94.0|90.0|74.0|51.0|54.0|51.0|52.0|49.0|54.0|56.0|53.0||
|1. (15+) ve 1. (Okuma Yazma Bilmeyen) ve 2. (Tam Zamanlı, Ancak Bulamazsa Yarı Zamanlı Olabilir)|2014|3.0|6.0|12.0|15.0|13.0|7.0|3.0|3.0|3.0|6.0|6.0|3.0|
||2015|3.0|3.0|3.0|3.0|2.0|2.0|0.0|1.0|2.0|1.0|3.0|4.0|
||2016|6.0|6.0|4.0|2.0|1.0|1.0|0.0|2.0|3.0|4.0|3.0|5.0|
||2017|6.0|6.0|4.0|4.0|6.0|6.0|5.0|5.0|5.0|5.0|2.0|1.0|
||2018|0.0|2.0|4.0|4.0|2.0|1.0|2.0|2.0|1.0|2.0|2.0|3.0|
||2019|3.0|5.0|3.0|4.0|1.0|1.0|1.0|1.0|1.0|1.0|1.0|2.0|
||2020|3.0|2.0|2.0|3.0|2.0|3.0|3.0|5.0|3.0|3.0|3.0||
|1. (15+) ve 1. (Okuma Yazma Bilmeyen) ve 3. (Yarı Zamanlı)|2014|1.0|0.0|0.0|0.0|-9.93E8|1.0|1.0|2.0|1.0|1.0|-9.93E8|-9.93E8|
||2015|-9.93E8|-9.93E8|-9.93E8|0.0|1.0|1.0|1.0|0.0|2.0|1.0|1.0|0.0|
||2016|-9.93E8|2.0|2.0|2.0|1.0|1.0|-9.93E8|2.0|2.0|2.0|-9.93E8|-9.93E8|
||2017|-9.93E8|1.0|1.0|1.0|-9.93E8|-9.93E8|1.0|1.0|1.0|0.0|0.0|1.0|
||2018|1.0|1.0|-9.93E8|1.0|1.0|1.0|1.0|1.0|1.0|-9.93E8|-9.93E8|3.0|
||2019|3.0|3.0|1.0|1.0|1.0|1.0|0.0|1.0|1.0|1.0|1.0|1.0|
||2020|1.0|0.0|1.0|2.0|2.0|1.0|1.0|1.0|1.0|-9.93E8|-9.93E8||
|1. (15+) ve 1. (Okuma Yazma Bilmeyen) ve 4. (Yarı Zamanlı, Ancak Bulamazsa Tam Zamanlı Olabilir)|2014|-9.93E8|-9.93E8|-9.93E8|-9.93E8|-9.93E8|-9.93E8|1.0|1.0|2.0|1.0|1.0|-9.93E8|
||2015|-9.93E8|-9.93E8|-9.93E8|-9.93E8|-9.93E8|-9.93E8|-9.93E8|-9.93E8|-9.93E8|-9.93E8|-9.93E8|-9.93E8|
||2016|-9.93E8|-9.93E8|-9.93E8|-9.93E8|-9.93E8|-9.93E8|1.0|1.0|1.0|-9.93E8|-9.93E8|-9.93E8|
||2017|-9.93E8|-9.93E8|-9.93E8|-9.93E8|-9.93E8|-9.93E8|1.0|1.0|1.0|-9.93E8|-9.93E8|-9.93E8|
||2018|-9.93E8|-9.93E8|-9.93E8|-9.93E8|-9.93E8|-9.93E8|-9.93E8|-9.93E8|-9.93E8|-9.93E8|-9.93E8|-9.93E8|
||2019|1.0|1.0|2.0|-9.93E8|-9.93E8|-9.93E8|-9.93E8|-9.93E8|-9.93E8|0.0|0.0|0.0|
||2020|-9.93E8|-9.93E8|-9.93E8|-9.93E8|-9.93E8|-9.93E8|-9.93E8|-9.93E8|-9.93E8|-9.93E8|-9.93E8||
|1. (15+) ve 1. (Okuma Yazma Bilmeyen) ve 5. (Tam Zamanlı Veya Yarı Zamanlı Farketmez)|2014|8.0|8.0|7.0|5.0|4.0|3.0|3.0|3.0|2.0|3.0|2.0|3.0|
||2015|3.0|2.0|4.0|2.0|3.0|1.0|3.0|4.0|4.0|3.0|3.0|3.0|
||2016|2.0|1.0|1.0|1.0|1.0|-9.93E8|-9.93E8|-9.93E8|-9.93E8|1.0|1.0|2.0|
||2017|2.0|5.0|4.0|3.0|-9.93E8|-9.93E8|1.0|1.0|1.0|0.0|0.0|0.0|
||2018|1.0|2.0|2.0|1.0|-9.93E8|1.0|1.0|4.0|4.0|4.0|3.0|2.0|
||2019|4.0|7.0|9.0|5.0|2.0|1.0|1.0|1.0|1.0|3.0|2.0|2.0|
||2020|3.0|6.0|8.0|5.0|4.0|4.0|5.0|3.0|2.0|2.0|2.0||
|1. (15+) ve 1. (Okuma Yazma Bilmeyen) ve 6. (Kendi İşini Kurmak İstiyor)|2014|1.0|1.0|-9.93E8|4.0|4.0|4.0|1.0|2.0|3.0|3.0|4.0|4.0|
||2015|5.0|3.0|2.0|0.0|-9.93E8|-9.93E8|1.0|1.0|1.0|-9.93E8|1.0|2.0|
||2016|4.0|2.0|2.0|1.0|1.0|1.0|1.0|2.0|2.0|1.0|1.0|1.0|
||2017|1.0|-9.93E8|-9.93E8|-9.93E8|-9.93E8|-9.93E8|2.0|2.0|2.0|-9.93E8|-9.93E8|0.0|
||2018|0.0|0.0|-9.93E8|-9.93E8|-9.93E8|-9.93E8|-9.93E8|0.0|0.0|1.0|1.0|1.0|
||2019|0.0|1.0|2.0|4.0|3.0|2.0|0.0|1.0|1.0|2.0|1.0|1.0|
||2020|2.0|2.0|2.0|-9.93E8|-9.93E8|1.0|1.0|2.0|1.0|0.0|0.0||
|1. (15+) ve 1. (Okuma Yazma Bilmeyen) ve 7. (İş Bulmuş, Başlamak İçin Bekliyor)|2014|-9.93E8|-9.93E8|-9.93E8|-9.93E8|-9.93E8|-9.93E8|1.0|1.0|1.0|1.0|1.0|2.0|
||2015|2.0|1.0|-9.93E8|-9.93E8|-9.93E8|-9.93E8|-9.93E8|1.0|1.0|1.0|-9.93E8|1.0|
||2016|1.0|1.0|-9.93E8|-9.93E8|-9.93E8|-9.93E8|0.0|0.0|0.0|-9.93E8|-9.93E8|-9.93E8|
||2017|-9.93E8|-9.93E8|-9.93E8|-9.93E8|-9.93E8|-9.93E8|-9.93E8|-9.93E8|-9.93E8|-9.93E8|-9.93E8|-9.93E8|
||2018|-9.93E8|-9.93E8|-9.93E8|-9.93E8|-9.93E8|-9.93E8|-9.93E8|-9.93E8|-9.93E8|-9.93E8|-9.93E8|-9.93E8|
||2019|-9.93E8|-9.93E8|-9.93E8|-9.93E8|0.0|0.0|0.0|-9.93E8|-9.93E8|-9.93E8|1.0|1.0|
||2020|1.0|1.0|1.0|-9.93E8|-9.93E8|0.0|0.0|0.0|-9.93E8|-9.93E8|-9.93E8||
|1. (15+) ve 21. (Okuma Yazma Bilen Fakat Bir Okul Bitirmeyen) ve 1. (Tam Zamanlı)|2014|127.0|127.0|122.0|115.0|96.0|97.0|93.0|91.0|105.0|105.0|125.0|107.0|
||2015|119.0|113.0|117.0|103.0|99.0|104.0|98.0|101.0|110.0|112.0|119.0|114.0|
||2016|124.0|110.0|114.0|106.0|108.0|108.0|109.0|113.0|97.0|114.0|123.0|136.0|
||2017|124.0|111.0|114.0|106.0|111.0|100.0|117.0|113.0|98.0|99.0|116.0|139.0|
||2018|144.0|134.0|114.0|106.0|98.0|104.0|105.0|102.0|108.0|115.0|130.0|144.0|
||2019|164.0|164.0|160.0|143.0|138.0|129.0|125.0|131.0|140.0|138.0|122.0|122.0|
||2020|130.0|146.0|151.0|131.0|118.0|105.0|113.0|111.0|96.0|96.0|109.0||
|1. (15+) ve 21. (Okuma Yazma Bilen Fakat Bir Okul Bitirmeyen) ve 2. (Tam Zamanlı, Ancak Bulamazsa Yarı Zamanlı Olabilir)|2014|9.0|12.0|8.0|9.0|10.0|12.0|9.0|4.0|3.0|4.0|5.0|5.0|
||2015|4.0|4.0|4.0|4.0|7.0|5.0|5.0|4.0|5.0|4.0|7.0|9.0|
||2016|12.0|8.0|6.0|4.0|4.0|6.0|9.0|10.0|10.0|7.0|6.0|7.0|
||2017|7.0|8.0|6.0|5.0|7.0|7.0|7.0|4.0|4.0|4.0|3.0|3.0|
||2018|2.0|2.0|2.0|3.0|2.0|3.0|4.0|4.0|4.0|4.0|5.0|4.0|
||2019|3.0|4.0|5.0|6.0|3.0|5.0|3.0|6.0|7.0|8.0|6.0|4.0|
||2020|5.0|4.0|4.0|3.0|3.0|7.0|8.0|8.0|4.0|5.0|4.0||
|1. (15+) ve 21. (Okuma Yazma Bilen Fakat Bir Okul Bitirmeyen) ve 3. (Yarı Zamanlı)|2014|1.0|2.0|2.0|2.0|1.0|1.0|1.0|1.0|-9.93E8|-9.93E8|0.0|0.0|
||2015|1.0|1.0|1.0|1.0|1.0|-9.93E8|-9.93E8|-9.93E8|-9.93E8|2.0|4.0|5.0|
||2016|5.0|3.0|2.0|1.0|-9.93E8|-9.93E8|-9.93E8|-9.93E8|1.0|2.0|2.0|1.0|
||2017|0.0|1.0|0.0|0.0|-9.93E8|-9.93E8|0.0|0.0|2.0|1.0|1.0|-9.93E8|
||2018|2.0|2.0|3.0|1.0|1.0|1.0|1.0|1.0|1.0|1.0|1.0|1.0|
||2019|4.0|4.0|4.0|3.0|3.0|5.0|3.0|5.0|5.0|8.0|5.0|3.0|
||2020|-9.93E8|1.0|2.0|3.0|3.0|1.0|1.0|1.0|2.0|2.0|4.0||
|1. (15+) ve 21. (Okuma Yazma Bilen Fakat Bir Okul Bitirmeyen) ve 4. (Yarı Zamanlı, Ancak Bulamazsa Tam Zamanlı Olabilir)|2014|-9.93E8|1.0|1.0|1.0|-9.93E8|-9.93E8|-9.93E8|-9.93E8|-9.93E8|-9.93E8|-9.93E8|-9.93E8|
||2015|-9.93E8|-9.93E8|-9.93E8|-9.93E8|-9.93E8|-9.93E8|-9.93E8|-9.93E8|-9.93E8|-9.93E8|-9.93E8|-9.93E8|
||2016|-9.93E8|-9.93E8|-9.93E8|1.0|1.0|1.0|-9.93E8|1.0|1.0|1.0|0.0|-9.93E8|
||2017|-9.93E8|-9.93E8|-9.93E8|0.0|0.0|0.0|-9.93E8|-9.93E8|-9.93E8|-9.93E8|-9.93E8|-9.93E8|
||2018|-9.93E8|-9.93E8|-9.93E8|-9.93E8|-9.93E8|-9.93E8|-9.93E8|-9.93E8|-9.93E8|-9.93E8|-9.93E8|-9.93E8|
||2019|-9.93E8|-9.93E8|-9.93E8|-9.93E8|-9.93E8|-9.93E8|-9.93E8|-9.93E8|-9.93E8|-9.93E8|-9.93E8|-9.93E8|
||2020|-9.93E8|-9.93E8|-9.93E8|-9.93E8|-9.93E8|-9.93E8|-9.93E8|-9.93E8|-9.93E8|-9.93E8|-9.93E8||
|1. (15+) ve 21. (Okuma Yazma Bilen Fakat Bir Okul Bitirmeyen) ve 5. (Tam Zamanlı Veya Yarı Zamanlı Farketmez)|2014|6.0|7.0|9.0|8.0|7.0|5.0|3.0|3.0|5.0|4.0|5.0|4.0|
||2015|5.0|4.0|3.0|3.0|3.0|4.0|4.0|5.0|6.0|5.0|5.0|3.0|
||2016|2.0|5.0|5.0|5.0|2.0|2.0|2.0|2.0|2.0|2.0|1.0|1.0|
||2017|1.0|3.0|4.0|4.0|5.0|3.0|3.0|0.0|1.0|3.0|4.0|3.0|
||2018|6.0|5.0|5.0|2.0|2.0|4.0|5.0|7.0|4.0|3.0|2.0|3.0|
||2019|3.0|4.0|3.0|3.0|2.0|4.0|6.0|5.0|2.0|2.0|1.0|2.0|
||2020|2.0|5.0|6.0|8.0|9.0|10.0|9.0|8.0|3.0|4.0|3.0||
|1. (15+) ve 21. (Okuma Yazma Bilen Fakat Bir Okul Bitirmeyen) ve 6. (Kendi İşini Kurmak İstiyor)|2014|4.0|2.0|2.0|1.0|2.0|3.0|2.0|2.0|2.0|3.0|3.0|4.0|
||2015|3.0|3.0|2.0|2.0|3.0|3.0|2.0|3.0|6.0|8.0|5.0|3.0|
||2016|0.0|2.0|2.0|1.0|-9.93E8|1.0|1.0|1.0|0.0|1.0|1.0|2.0|
||2017|2.0|2.0|2.0|1.0|2.0|3.0|3.0|2.0|1.0|0.0|1.0|1.0|
||2018|1.0|0.0|-9.93E8|1.0|1.0|1.0|1.0|2.0|5.0|7.0|7.0|5.0|
||2019|6.0|9.0|9.0|8.0|4.0|5.0|5.0|7.0|5.0|3.0|1.0|3.0|
||2020|4.0|4.0|2.0|1.0|0.0|1.0|2.0|2.0|3.0|5.0|7.0||
|1. (15+) ve 21. (Okuma Yazma Bilen Fakat Bir Okul Bitirmeyen) ve 7. (İş Bulmuş, Başlamak İçin Bekliyor)|2014|1.0|0.0|1.0|1.0|1.0|-9.93E8|1.0|1.0|1.0|2.0|2.0|3.0|
||2015|3.0|2.0|2.0|1.0|1.0|1.0|-9.93E8|1.0|3.0|3.0|2.0|-9.93E8|
||2016|1.0|0.0|3.0|4.0|4.0|2.0|0.0|2.0|2.0|1.0|-9.93E8|-9.93E8|
||2017|-9.93E8|-9.93E8|-9.93E8|-9.93E8|-9.93E8|1.0|1.0|1.0|1.0|0.0|0.0|-9.93E8|
||2018|1.0|2.0|3.0|3.0|3.0|2.0|1.0|-9.93E8|-9.93E8|-9.93E8|-9.93E8|-9.93E8|
||2019|2.0|2.0|2.0|-9.93E8|-9.93E8|-9.93E8|-9.93E8|-9.93E8|-9.93E8|2.0|2.0|2.0|
||2020|1.0|1.0|2.0|1.0|0.0|-9.93E8|-9.93E8|1.0|2.0|2.0|2.0||
|1. (15+) ve 22. (İlkokul) ve 1. (Tam Zamanlı)|2014|683.0|676.0|634.0|573.0|544.0|550.0|592.0|626.0|641.0|627.0|639.0|687.0|
||2015|725.0|740.0|706.0|673.0|623.0|609.0|599.0|623.0|643.0|678.0|699.0|730.0|
||2016|770.0|747.0|696.0|612.0|581.0|614.0|637.0|704.0|728.0|758.0|745.0|775.0|
||2017|815.0|829.0|757.0|637.0|605.0|554.0|608.0|586.0|615.0|591.0|593.0|618.0|
||2018|676.0|669.0|642.0|609.0|625.0|624.0|645.0|662.0|716.0|771.0|845.0|927.0|
||2019|987.0|984.0|939.0|828.0|790.0|754.0|824.0|844.0|860.0|833.0|856.0|902.0|
||2020|888.0|820.0|733.0|696.0|715.0|732.0|723.0|658.0|623.0|634.0|627.0||
|1. (15+) ve 22. (İlkokul) ve 2. (Tam Zamanlı, Ancak Bulamazsa Yarı Zamanlı Olabilir)|2014|54.0|52.0|41.0|42.0|37.0|43.0|35.0|36.0|44.0|48.0|57.0|58.0|
||2015|63.0|59.0|44.0|29.0|24.0|27.0|31.0|27.0|27.0|27.0|35.0|43.0|
||2016|47.0|42.0|35.0|33.0|37.0|37.0|34.0|28.0|30.0|35.0|42.0|51.0|
||2017|59.0|56.0|54.0|45.0|46.0|40.0|34.0|28.0|30.0|49.0|50.0|44.0|
||2018|38.0|34.0|36.0|25.0|31.0|28.0|30.0|29.0|30.0|29.0|30.0|35.0|
||2019|40.0|37.0|31.0|24.0|22.0|29.0|46.0|55.0|53.0|44.0|45.0|39.0|
||2020|32.0|21.0|25.0|30.0|39.0|40.0|36.0|34.0|30.0|29.0|27.0||
|1. (15+) ve 22. (İlkokul) ve 3. (Yarı Zamanlı)|2014|8.0|11.0|14.0|9.0|10.0|6.0|9.0|8.0|11.0|12.0|15.0|14.0|
||2015|13.0|11.0|9.0|6.0|5.0|7.0|8.0|15.0|14.0|15.0|9.0|13.0|
||2016|14.0|13.0|12.0|8.0|8.0|6.0|6.0|8.0|7.0|9.0|14.0|15.0|
||2017|17.0|15.0|17.0|15.0|15.0|16.0|16.0|19.0|15.0|20.0|19.0|19.0|
||2018|9.0|8.0|6.0|7.0|3.0|6.0|10.0|13.0|11.0|13.0|14.0|14.0|
||2019|9.0|7.0|7.0|12.0|13.0|12.0|10.0|9.0|13.0|14.0|12.0|8.0|
||2020|4.0|8.0|8.0|8.0|6.0|7.0|8.0|10.0|9.0|9.0|8.0||
|1. (15+) ve 22. (İlkokul) ve 4. (Yarı Zamanlı, Ancak Bulamazsa Tam Zamanlı Olabilir)|2014|-9.93E8|0.0|0.0|0.0|-9.93E8|-9.93E8|-9.93E8|-9.93E8|-9.93E8|0.0|1.0|1.0|
||2015|0.0|-9.93E8|-9.93E8|-9.93E8|-9.93E8|-9.93E8|-9.93E8|-9.93E8|-9.93E8|-9.93E8|1.0|0.0|
||2016|0.0|-9.93E8|-9.93E8|-9.93E8|-9.93E8|0.0|0.0|0.0|-9.93E8|1.0|1.0|1.0|
||2017|2.0|2.0|4.0|3.0|2.0|1.0|2.0|2.0|2.0|0.0|1.0|3.0|
||2018|2.0|4.0|2.0|2.0|1.0|1.0|1.0|-9.93E8|-9.93E8|-9.93E8|-9.93E8|-9.93E8|
||2019|1.0|1.0|1.0|1.0|1.0|1.0|1.0|1.0|1.0|-9.93E8|-9.93E8|-9.93E8|
||2020|-9.93E8|-9.93E8|-9.93E8|-9.93E8|1.0|1.0|1.0|-9.93E8|-9.93E8|-9.93E8|-9.93E8||
|1. (15+) ve 22. (İlkokul) ve 5. (Tam Zamanlı Veya Yarı Zamanlı Farketmez)|2014|29.0|32.0|37.0|26.0|24.0|18.0|17.0|15.0|18.0|23.0|26.0|26.0|
||2015|29.0|28.0|23.0|16.0|15.0|18.0|21.0|18.0|19.0|15.0|21.0|21.0|
||2016|24.0|24.0|19.0|16.0|11.0|18.0|12.0|12.0|4.0|7.0|11.0|14.0|
||2017|13.0|10.0|9.0|8.0|7.0|8.0|8.0|7.0|10.0|12.0|18.0|15.0|
||2018|16.0|16.0|19.0|16.0|19.0|18.0|19.0|18.0|16.0|19.0|17.0|24.0|
||2019|28.0|31.0|25.0|18.0|16.0|14.0|18.0|16.0|17.0|13.0|12.0|21.0|
||2020|27.0|36.0|38.0|45.0|44.0|44.0|43.0|37.0|39.0|39.0|44.0||
|1. (15+) ve 22. (İlkokul) ve 6. (Kendi İşini Kurmak İstiyor)|2014|16.0|13.0|17.0|22.0|23.0|27.0|26.0|25.0|21.0|22.0|36.0|43.0|
||2015|49.0|40.0|36.0|34.0|31.0|25.0|19.0|18.0|24.0|31.0|37.0|38.0|
||2016|40.0|36.0|34.0|23.0|22.0|21.0|24.0|26.0|23.0|30.0|29.0|32.0|
||2017|26.0|22.0|24.0|25.0|34.0|29.0|28.0|21.0|20.0|24.0|27.0|31.0|
||2018|28.0|22.0|19.0|15.0|17.0|15.0|21.0|26.0|24.0|23.0|19.0|21.0|
||2019|27.0|33.0|37.0|26.0|26.0|22.0|27.0|25.0|27.0|26.0|22.0|22.0|
||2020|18.0|27.0|25.0|29.0|25.0|29.0|26.0|25.0|24.0|27.0|30.0||
|1. (15+) ve 22. (İlkokul) ve 7. (İş Bulmuş, Başlamak İçin Bekliyor)|2014|12.0|10.0|8.0|6.0|6.0|7.0|12.0|15.0|16.0|14.0|9.0|7.0|
||2015|7.0|9.0|9.0|9.0|10.0|12.0|11.0|9.0|11.0|7.0|8.0|6.0|
||2016|7.0|5.0|4.0|7.0|7.0|9.0|6.0|10.0|8.0|10.0|9.0|12.0|
||2017|14.0|12.0|11.0|6.0|5.0|2.0|5.0|8.0|11.0|11.0|8.0|9.0|
||2018|12.0|14.0|11.0|8.0|6.0|9.0|12.0|12.0|10.0|6.0|5.0|5.0|
||2019|7.0|6.0|4.0|5.0|9.0|12.0|13.0|17.0|16.0|14.0|10.0|10.0|
||2020|12.0|6.0|6.0|3.0|11.0|11.0|14.0|11.0|12.0|9.0|7.0||
|1. (15+) ve 23. (İlköğretim) ve 1. (Tam Zamanlı)|2014|389.0|379.0|383.0|369.0|379.0|380.0|398.0|391.0|410.0|413.0|413.0|444.0|
||2015|447.0|445.0|403.0|387.0|394.0|401.0|409.0|393.0|395.0|408.0|415.0|413.0|
||2016|417.0|397.0|371.0|334.0|362.0|381.0|388.0|388.0|383.0|403.0|420.0|469.0|
||2017|491.0|481.0|405.0|341.0|303.0|315.0|314.0|325.0|314.0|334.0|330.0|337.0|
||2018|344.0|347.0|326.0|303.0|278.0|290.0|296.0|327.0|345.0|367.0|419.0|449.0|
||2019|504.0|485.0|473.0|418.0|419.0|403.0|433.0|393.0|391.0|387.0|427.0|443.0|
||2020|434.0|412.0|407.0|370.0|368.0|358.0|366.0|333.0|297.0|267.0|288.0||
|1. (15+) ve 23. (İlköğretim) ve 2. (Tam Zamanlı, Ancak Bulamazsa Yarı Zamanlı Olabilir)|2014|17.0|21.0|21.0|19.0|14.0|15.0|14.0|13.0|11.0|14.0|12.0|17.0|
||2015|19.0|22.0|17.0|12.0|8.0|15.0|12.0|9.0|0.0|2.0|11.0|18.0|
||2016|21.0|16.0|12.0|10.0|8.0|13.0|15.0|16.0|13.0|15.0|18.0|23.0|
||2017|29.0|25.0|20.0|9.0|10.0|8.0|10.0|12.0|14.0|16.0|12.0|13.0|
||2018|12.0|14.0|11.0|7.0|7.0|12.0|14.0|13.0|8.0|4.0|4.0|6.0|
||2019|8.0|10.0|9.0|9.0|12.0|15.0|16.0|14.0|17.0|17.0|19.0|16.0|
||2020|20.0|15.0|18.0|15.0|13.0|10.0|7.0|9.0|8.0|16.0|17.0||
|1. (15+) ve 23. (İlköğretim) ve 3. (Yarı Zamanlı)|2014|4.0|3.0|4.0|4.0|5.0|3.0|2.0|2.0|6.0|8.0|8.0|5.0|
||2015|7.0|8.0|6.0|6.0|7.0|5.0|4.0|2.0|2.0|1.0|2.0|2.0|
||2016|2.0|3.0|3.0|3.0|2.0|3.0|1.0|1.0|2.0|5.0|6.0|6.0|
||2017|5.0|5.0|3.0|1.0|2.0|4.0|4.0|2.0|1.0|1.0|1.0|4.0|
||2018|4.0|9.0|6.0|6.0|2.0|4.0|4.0|4.0|4.0|4.0|4.0|3.0|
||2019|2.0|2.0|3.0|3.0|2.0|-9.93E8|-9.93E8|2.0|2.0|2.0|2.0|2.0|
||2020|2.0|0.0|1.0|2.0|2.0|2.0|2.0|3.0|3.0|5.0|5.0||
|1. (15+) ve 23. (İlköğretim) ve 4. (Yarı Zamanlı, Ancak Bulamazsa Tam Zamanlı Olabilir)|2014|0.0|0.0|0.0|0.0|1.0|1.0|1.0|-9.93E8|-9.93E8|-9.93E8|1.0|1.0|
||2015|1.0|1.0|1.0|-9.93E8|-9.93E8|-9.93E8|-9.93E8|1.0|1.0|1.0|-9.93E8|-9.93E8|
||2016|-9.93E8|-9.93E8|-9.93E8|1.0|1.0|1.0|-9.93E8|-9.93E8|-9.93E8|-9.93E8|-9.93E8|-9.93E8|
||2017|-9.93E8|-9.93E8|-9.93E8|-9.93E8|-9.93E8|-9.93E8|-9.93E8|-9.93E8|-9.93E8|-9.93E8|-9.93E8|-9.93E8|
||2018|-9.93E8|-9.93E8|-9.93E8|-9.93E8|-9.93E8|-9.93E8|-9.93E8|-9.93E8|-9.93E8|-9.93E8|-9.93E8|-9.93E8|
||2019|-9.93E8|-9.93E8|1.0|1.0|1.0|-9.93E8|-9.93E8|-9.93E8|-9.93E8|-9.93E8|-9.93E8|-9.93E8|
||2020|-9.93E8|-9.93E8|-9.93E8|-9.93E8|-9.93E8|-9.93E8|-9.93E8|2.0|1.0|2.0|-9.93E8||
|1. (15+) ve 23. (İlköğretim) ve 5. (Tam Zamanlı Veya Yarı Zamanlı Farketmez)|2014|13.0|16.0|18.0|16.0|12.0|8.0|12.0|10.0|9.0|11.0|10.0|13.0|
||2015|9.0|8.0|6.0|5.0|8.0|9.0|10.0|7.0|3.0|1.0|3.0|3.0|
||2016|7.0|12.0|14.0|10.0|4.0|2.0|4.0|3.0|3.0|1.0|1.0|3.0|
||2017|3.0|4.0|4.0|4.0|2.0|0.0|-9.93E8|-9.93E8|0.0|3.0|3.0|4.0|
||2018|3.0|4.0|7.0|8.0|10.0|8.0|7.0|5.0|7.0|9.0|9.0|8.0|
||2019|7.0|6.0|6.0|6.0|6.0|6.0|3.0|6.0|6.0|7.0|4.0|5.0|
||2020|12.0|24.0|25.0|22.0|16.0|17.0|15.0|15.0|15.0|22.0|25.0||
|1. (15+) ve 23. (İlköğretim) ve 6. (Kendi İşini Kurmak İstiyor)|2014|9.0|10.0|9.0|6.0|6.0|6.0|9.0|12.0|12.0|10.0|12.0|14.0|
||2015|22.0|17.0|17.0|12.0|16.0|14.0|17.0|15.0|16.0|13.0|15.0|20.0|
||2016|22.0|16.0|14.0|10.0|10.0|11.0|14.0|15.0|12.0|13.0|13.0|17.0|
||2017|14.0|14.0|10.0|12.0|12.0|15.0|12.0|12.0|9.0|11.0|9.0|10.0|
||2018|7.0|8.0|7.0|7.0|6.0|4.0|3.0|3.0|7.0|9.0|11.0|14.0|
||2019|16.0|20.0|21.0|18.0|14.0|10.0|9.0|10.0|11.0|13.0|10.0|8.0|
||2020|6.0|6.0|9.0|13.0|15.0|12.0|14.0|17.0|20.0|20.0|18.0||
|1. (15+) ve 23. (İlköğretim) ve 7. (İş Bulmuş, Başlamak İçin Bekliyor)|2014|8.0|7.0|5.0|7.0|7.0|9.0|9.0|9.0|10.0|7.0|9.0|8.0|
||2015|9.0|8.0|6.0|2.0|3.0|3.0|4.0|4.0|8.0|9.0|9.0|6.0|
||2016|7.0|8.0|9.0|8.0|6.0|5.0|4.0|7.0|4.0|3.0|1.0|5.0|
||2017|7.0|8.0|8.0|9.0|9.0|5.0|6.0|6.0|8.0|6.0|6.0|4.0|
||2018|7.0|12.0|14.0|15.0|15.0|12.0|8.0|3.0|6.0|5.0|5.0|6.0|
||2019|7.0|7.0|3.0|3.0|2.0|2.0|5.0|6.0|7.0|2.0|6.0|6.0|
||2020|7.0|5.0|4.0|4.0|4.0|5.0|5.0|5.0|8.0|6.0|7.0||
|1. (15+) ve 24. (Ortaokul Veya Dengi Meslek Ortaokul) ve 1. (Tam Zamanlı)|2014|170.0|184.0|181.0|160.0|169.0|183.0|182.0|176.0|192.0|199.0|198.0|201.0|
||2015|219.0|213.0|218.0|208.0|214.0|231.0|248.0|252.0|245.0|225.0|233.0|242.0|
||2016|248.0|246.0|227.0|243.0|255.0|275.0|280.0|269.0|268.0|269.0|282.0|317.0|
||2017|344.0|338.0|312.0|278.0|292.0|296.0|333.0|310.0|313.0|282.0|281.0|288.0|
||2018|293.0|291.0|269.0|294.0|336.0|356.0|367.0|349.0|358.0|364.0|405.0|451.0|
||2019|480.0|478.0|461.0|472.0|515.0|525.0|573.0|525.0|513.0|465.0|463.0|485.0|
||2020|474.0|493.0|458.0|442.0|435.0|482.0|503.0|466.0|408.0|386.0|408.0||
|1. (15+) ve 24. (Ortaokul Veya Dengi Meslek Ortaokul) ve 2. (Tam Zamanlı, Ancak Bulamazsa Yarı Zamanlı Olabilir)|2014|9.0|10.0|8.0|10.0|8.0|7.0|2.0|4.0|7.0|6.0|6.0|6.0|
||2015|8.0|8.0|5.0|3.0|4.0|7.0|8.0|8.0|6.0|8.0|7.0|11.0|
||2016|9.0|9.0|6.0|9.0|13.0|18.0|17.0|14.0|9.0|16.0|20.0|25.0|
||2017|21.0|18.0|19.0|21.0|23.0|19.0|17.0|13.0|11.0|12.0|15.0|16.0|
||2018|18.0|17.0|16.0|10.0|16.0|19.0|20.0|14.0|13.0|10.0|11.0|12.0|
||2019|13.0|15.0|9.0|10.0|9.0|14.0|19.0|22.0|16.0|12.0|18.0|21.0|
||2020|19.0|11.0|13.0|14.0|16.0|9.0|10.0|7.0|11.0|17.0|18.0||
|1. (15+) ve 24. (Ortaokul Veya Dengi Meslek Ortaokul) ve 3. (Yarı Zamanlı)|2014|5.0|5.0|6.0|4.0|1.0|1.0|1.0|1.0|4.0|4.0|3.0|1.0|
||2015|3.0|3.0|3.0|1.0|3.0|4.0|6.0|6.0|7.0|7.0|7.0|9.0|
||2016|6.0|7.0|5.0|6.0|6.0|5.0|6.0|5.0|5.0|5.0|4.0|5.0|
||2017|5.0|11.0|10.0|12.0|9.0|9.0|5.0|4.0|3.0|6.0|6.0|5.0|
||2018|10.0|16.0|18.0|15.0|8.0|8.0|6.0|6.0|4.0|3.0|4.0|8.0|
||2019|9.0|9.0|6.0|7.0|9.0|12.0|14.0|11.0|6.0|3.0|2.0|3.0|
||2020|7.0|7.0|8.0|7.0|10.0|14.0|14.0|15.0|16.0|19.0|16.0||
|1. (15+) ve 24. (Ortaokul Veya Dengi Meslek Ortaokul) ve 4. (Yarı Zamanlı, Ancak Bulamazsa Tam Zamanlı Olabilir)|2014|-9.93E8|-9.93E8|-9.93E8|-9.93E8|-9.93E8|-9.93E8|-9.93E8|-9.93E8|-9.93E8|-9.93E8|-9.93E8|-9.93E8|
||2015|-9.93E8|-9.93E8|1.0|1.0|1.0|-9.93E8|-9.93E8|-9.93E8|-9.93E8|-9.93E8|-9.93E8|-9.93E8|
||2016|-9.93E8|-9.93E8|-9.93E8|1.0|1.0|1.0|0.0|-9.93E8|0.0|0.0|0.0|-9.93E8|
||2017|-9.93E8|-9.93E8|1.0|1.0|1.0|1.0|-9.93E8|-9.93E8|-9.93E8|-9.93E8|-9.93E8|-9.93E8|
||2018|-9.93E8|-9.93E8|-9.93E8|-9.93E8|-9.93E8|-9.93E8|-9.93E8|-9.93E8|-9.93E8|-9.93E8|1.0|1.0|
||2019|1.0|0.0|1.0|1.0|1.0|-9.93E8|-9.93E8|-9.93E8|-9.93E8|-9.93E8|-9.93E8|-9.93E8|
||2020|-9.93E8|0.0|2.0|2.0|2.0|-9.93E8|-9.93E8|-9.93E8|1.0|1.0|3.0||
|1. (15+) ve 24. (Ortaokul Veya Dengi Meslek Ortaokul) ve 5. (Tam Zamanlı Veya Yarı Zamanlı Farketmez)|2014|13.0|13.0|14.0|10.0|9.0|9.0|9.0|10.0|9.0|9.0|8.0|8.0|
||2015|6.0|8.0|4.0|3.0|3.0|5.0|6.0|5.0|3.0|2.0|3.0|5.0|
||2016|6.0|4.0|1.0|3.0|6.0|14.0|14.0|12.0|4.0|2.0|1.0|2.0|
||2017|2.0|3.0|1.0|3.0|2.0|2.0|2.0|1.0|5.0|7.0|8.0|6.0|
||2018|5.0|4.0|4.0|6.0|10.0|8.0|14.0|11.0|14.0|7.0|6.0|9.0|
||2019|10.0|16.0|13.0|12.0|8.0|8.0|8.0|7.0|8.0|6.0|7.0|5.0|
||2020|9.0|11.0|21.0|32.0|40.0|40.0|35.0|27.0|24.0|20.0|24.0||
|1. (15+) ve 24. (Ortaokul Veya Dengi Meslek Ortaokul) ve 6. (Kendi İşini Kurmak İstiyor)|2014|12.0|9.0|7.0|8.0|9.0|8.0|7.0|7.0|12.0|14.0|16.0|16.0|
||2015|15.0|19.0|17.0|17.0|9.0|9.0|10.0|12.0|13.0|9.0|9.0|10.0|
||2016|10.0|9.0|9.0|9.0|9.0|10.0|15.0|15.0|15.0|11.0|12.0|14.0|
||2017|14.0|16.0|13.0|15.0|14.0|14.0|11.0|8.0|7.0|9.0|12.0|15.0|
||2018|11.0|12.0|11.0|12.0|7.0|9.0|13.0|16.0|16.0|14.0|11.0|12.0|
||2019|13.0|14.0|16.0|13.0|15.0|16.0|17.0|14.0|8.0|10.0|13.0|13.0|
||2020|11.0|13.0|11.0|14.0|11.0|18.0|18.0|22.0|19.0|20.0|22.0||
|1. (15+) ve 24. (Ortaokul Veya Dengi Meslek Ortaokul) ve 7. (İş Bulmuş, Başlamak İçin Bekliyor)|2014|3.0|3.0|2.0|1.0|1.0|2.0|2.0|2.0|1.0|2.0|2.0|3.0|
||2015|2.0|4.0|3.0|2.0|2.0|3.0|4.0|4.0|2.0|1.0|-9.93E8|2.0|
||2016|3.0|4.0|3.0|3.0|2.0|4.0|4.0|5.0|4.0|6.0|6.0|5.0|
||2017|4.0|4.0|4.0|4.0|4.0|2.0|5.0|6.0|7.0|3.0|2.0|5.0|
||2018|8.0|8.0|4.0|4.0|9.0|10.0|13.0|11.0|11.0|6.0|4.0|4.0|
||2019|5.0|3.0|5.0|12.0|13.0|11.0|11.0|14.0|14.0|5.0|1.0|2.0|
||2020|3.0|3.0|4.0|5.0|7.0|8.0|9.0|8.0|7.0|7.0|6.0||
|1. (15+) ve 31. (Genel Lise) ve 1. (Tam Zamanlı)|2014|280.0|279.0|287.0|279.0|304.0|311.0|331.0|298.0|288.0|284.0|296.0|295.0|
||2015|319.0|324.0|310.0|282.0|287.0|319.0|325.0|328.0|308.0|331.0|323.0|348.0|
||2016|337.0|342.0|312.0|301.0|334.0|357.0|352.0|365.0|359.0|373.0|354.0|365.0|
||2017|375.0|382.0|379.0|362.0|352.0|368.0|365.0|343.0|320.0|306.0|328.0|349.0|
||2018|378.0|360.0|352.0|334.0|349.0|373.0|379.0|373.0|363.0|360.0|393.0|428.0|
||2019|476.0|473.0|464.0|441.0|474.0|509.0|519.0|499.0|465.0|460.0|445.0|444.0|
||2020|472.0|463.0|426.0|386.0|389.0|448.0|465.0|473.0|418.0|425.0|409.0||
|1. (15+) ve 31. (Genel Lise) ve 2. (Tam Zamanlı, Ancak Bulamazsa Yarı Zamanlı Olabilir)|2014|14.0|16.0|15.0|11.0|13.0|19.0|19.0|17.0|14.0|12.0|13.0|8.0|
||2015|7.0|9.0|9.0|10.0|5.0|7.0|7.0|8.0|8.0|6.0|10.0|15.0|
||2016|18.0|15.0|9.0|10.0|13.0|13.0|15.0|14.0|17.0|15.0|13.0|14.0|
||2017|16.0|19.0|18.0|19.0|20.0|21.0|17.0|22.0|20.0|22.0|21.0|20.0|
||2018|19.0|13.0|15.0|13.0|14.0|10.0|8.0|4.0|3.0|5.0|7.0|8.0|
||2019|8.0|9.0|7.0|9.0|11.0|17.0|19.0|16.0|14.0|17.0|17.0|14.0|
||2020|13.0|13.0|13.0|11.0|8.0|9.0|8.0|11.0|14.0|20.0|18.0||
|1. (15+) ve 31. (Genel Lise) ve 3. (Yarı Zamanlı)|2014|16.0|18.0|16.0|14.0|13.0|12.0|9.0|13.0|15.0|19.0|16.0|15.0|
||2015|21.0|25.0|28.0|19.0|16.0|7.0|8.0|10.0|15.0|21.0|21.0|20.0|
||2016|19.0|22.0|23.0|22.0|17.0|12.0|13.0|13.0|20.0|22.0|29.0|24.0|
||2017|30.0|26.0|27.0|18.0|13.0|15.0|19.0|22.0|31.0|25.0|25.0|21.0|
||2018|25.0|23.0|20.0|13.0|10.0|7.0|9.0|13.0|22.0|31.0|30.0|30.0|
||2019|29.0|32.0|28.0|22.0|17.0|20.0|25.0|27.0|27.0|32.0|36.0|37.0|
||2020|30.0|29.0|17.0|14.0|12.0|14.0|15.0|16.0|25.0|29.0|29.0||
|1. (15+) ve 31. (Genel Lise) ve 4. (Yarı Zamanlı, Ancak Bulamazsa Tam Zamanlı Olabilir)|2014|0.0|0.0|1.0|2.0|3.0|2.0|1.0|-9.93E8|-9.93E8|-9.93E8|-9.93E8|-9.93E8|
||2015|-9.93E8|-9.93E8|1.0|1.0|1.0|0.0|0.0|-9.93E8|0.0|0.0|0.0|1.0|
||2016|1.0|2.0|1.0|1.0|-9.93E8|-9.93E8|-9.93E8|-9.93E8|1.0|3.0|4.0|2.0|
||2017|0.0|-9.93E8|0.0|0.0|1.0|1.0|1.0|0.0|0.0|1.0|0.0|1.0|
||2018|1.0|1.0|-9.93E8|1.0|3.0|3.0|1.0|1.0|3.0|4.0|3.0|1.0|
||2019|-9.93E8|1.0|2.0|2.0|1.0|1.0|1.0|1.0|-9.93E8|-9.93E8|-9.93E8|0.0|
||2020|0.0|0.0|1.0|1.0|1.0|1.0|1.0|-9.93E8|-9.93E8|-9.93E8|-9.93E8||
|1. (15+) ve 31. (Genel Lise) ve 5. (Tam Zamanlı Veya Yarı Zamanlı Farketmez)|2014|7.0|8.0|10.0|7.0|6.0|6.0|9.0|12.0|10.0|9.0|7.0|6.0|
||2015|8.0|7.0|8.0|7.0|6.0|8.0|8.0|10.0|8.0|6.0|7.0|8.0|
||2016|9.0|7.0|6.0|3.0|4.0|4.0|6.0|5.0|5.0|4.0|5.0|5.0|
||2017|2.0|1.0|1.0|3.0|5.0|8.0|6.0|6.0|4.0|6.0|6.0|4.0|
||2018|7.0|9.0|10.0|8.0|11.0|14.0|15.0|10.0|8.0|7.0|6.0|8.0|
||2019|8.0|8.0|7.0|7.0|6.0|5.0|6.0|7.0|9.0|8.0|5.0|6.0|
||2020|8.0|11.0|13.0|24.0|24.0|22.0|14.0|16.0|20.0|22.0|26.0||
|1. (15+) ve 31. (Genel Lise) ve 6. (Kendi İşini Kurmak İstiyor)|2014|17.0|21.0|20.0|13.0|13.0|13.0|17.0|16.0|15.0|12.0|13.0|21.0|
||2015|27.0|28.0|18.0|14.0|14.0|18.0|16.0|16.0|17.0|20.0|22.0|20.0|
||2016|26.0|23.0|21.0|14.0|17.0|20.0|25.0|21.0|21.0|16.0|18.0|16.0|
||2017|23.0|20.0|26.0|19.0|20.0|13.0|12.0|12.0|16.0|18.0|17.0|14.0|
||2018|15.0|17.0|19.0|17.0|18.0|21.0|20.0|17.0|15.0|12.0|10.0|15.0|
||2019|22.0|27.0|26.0|23.0|19.0|17.0|16.0|20.0|19.0|18.0|17.0|16.0|
||2020|16.0|13.0|15.0|18.0|22.0|21.0|20.0|22.0|26.0|26.0|27.0||
|1. (15+) ve 31. (Genel Lise) ve 7. (İş Bulmuş, Başlamak İçin Bekliyor)|2014|10.0|5.0|4.0|4.0|8.0|6.0|5.0|4.0|6.0|4.0|4.0|7.0|
||2015|8.0|7.0|5.0|4.0|4.0|6.0|6.0|8.0|7.0|9.0|4.0|4.0|
||2016|4.0|5.0|8.0|8.0|8.0|5.0|3.0|4.0|5.0|7.0|7.0|9.0|
||2017|13.0|13.0|14.0|11.0|12.0|7.0|7.0|7.0|7.0|5.0|3.0|6.0|
||2018|6.0|9.0|11.0|10.0|13.0|10.0|12.0|9.0|9.0|9.0|4.0|3.0|
||2019|4.0|4.0|5.0|4.0|6.0|8.0|7.0|10.0|9.0|8.0|4.0|3.0|
||2020|9.0|9.0|9.0|6.0|6.0|7.0|11.0|11.0|9.0|4.0|8.0||
|1. (15+) ve 32. (Lise Dengi Mesleki Okul) ve 1. (Tam Zamanlı)|2014|253.0|260.0|239.0|220.0|216.0|236.0|271.0|273.0|281.0|285.0|286.0|280.0|
||2015|271.0|278.0|273.0|262.0|263.0|277.0|263.0|274.0|278.0|283.0|263.0|262.0|
||2016|273.0|284.0|275.0|272.0|267.0|282.0|301.0|326.0|345.0|366.0|396.0|407.0|
||2017|419.0|382.0|359.0|328.0|334.0|335.0|338.0|356.0|371.0|346.0|327.0|329.0|
||2018|344.0|318.0|288.0|276.0|288.0|316.0|343.0|381.0|402.0|409.0|419.0|439.0|
||2019|490.0|507.0|483.0|440.0|432.0|476.0|512.0|516.0|493.0|497.0|495.0|477.0|
||2020|458.0|447.0|415.0|394.0|394.0|434.0|441.0|467.0|443.0|444.0|422.0||
|1. (15+) ve 32. (Lise Dengi Mesleki Okul) ve 2. (Tam Zamanlı, Ancak Bulamazsa Yarı Zamanlı Olabilir)|2014|5.0|10.0|11.0|13.0|11.0|13.0|14.0|14.0|11.0|12.0|12.0|18.0|
||2015|14.0|11.0|7.0|6.0|6.0|4.0|5.0|5.0|7.0|6.0|9.0|10.0|
||2016|9.0|7.0|8.0|11.0|12.0|10.0|10.0|13.0|21.0|25.0|23.0|17.0|
||2017|20.0|22.0|17.0|14.0|12.0|14.0|13.0|12.0|13.0|13.0|13.0|10.0|
||2018|10.0|13.0|16.0|12.0|13.0|14.0|19.0|19.0|20.0|17.0|12.0|11.0|
||2019|10.0|12.0|9.0|8.0|7.0|14.0|16.0|19.0|17.0|25.0|22.0|16.0|
||2020|8.0|11.0|13.0|12.0|14.0|14.0|12.0|14.0|12.0|16.0|15.0||
|1. (15+) ve 32. (Lise Dengi Mesleki Okul) ve 3. (Yarı Zamanlı)|2014|5.0|6.0|4.0|4.0|4.0|4.0|2.0|4.0|6.0|7.0|6.0|5.0|
||2015|7.0|11.0|12.0|9.0|5.0|3.0|3.0|5.0|9.0|14.0|11.0|11.0|
||2016|13.0|19.0|14.0|9.0|4.0|5.0|7.0|9.0|15.0|16.0|18.0|14.0|
||2017|14.0|15.0|17.0|19.0|12.0|7.0|3.0|5.0|10.0|13.0|16.0|14.0|
||2018|16.0|16.0|16.0|15.0|10.0|6.0|2.0|4.0|8.0|9.0|13.0|11.0|
||2019|12.0|9.0|12.0|15.0|13.0|10.0|7.0|10.0|10.0|13.0|19.0|19.0|
||2020|16.0|10.0|7.0|5.0|3.0|5.0|3.0|8.0|9.0|13.0|11.0||
|1. (15+) ve 32. (Lise Dengi Mesleki Okul) ve 4. (Yarı Zamanlı, Ancak Bulamazsa Tam Zamanlı Olabilir)|2014|-9.93E8|-9.93E8|1.0|1.0|1.0|-9.93E8|-9.93E8|-9.93E8|-9.93E8|-9.93E8|-9.93E8|-9.93E8|
||2015|-9.93E8|-9.93E8|-9.93E8|-9.93E8|-9.93E8|-9.93E8|-9.93E8|-9.93E8|-9.93E8|-9.93E8|1.0|0.0|
||2016|0.0|-9.93E8|-9.93E8|0.0|0.0|0.0|-9.93E8|-9.93E8|-9.93E8|-9.93E8|-9.93E8|-9.93E8|
||2017|-9.93E8|-9.93E8|-9.93E8|-9.93E8|-9.93E8|-9.93E8|-9.93E8|-9.93E8|-9.93E8|-9.93E8|-9.93E8|-9.93E8|
||2018|-9.93E8|-9.93E8|-9.93E8|-9.93E8|-9.93E8|-9.93E8|-9.93E8|-9.93E8|-9.93E8|-9.93E8|-9.93E8|-9.93E8|
||2019|-9.93E8|-9.93E8|-9.93E8|-9.93E8|1.0|1.0|1.0|-9.93E8|-9.93E8|-9.93E8|-9.93E8|-9.93E8|
||2020|-9.93E8|1.0|1.0|1.0|-9.93E8|-9.93E8|-9.93E8|-9.93E8|1.0|1.0|2.0||
|1. (15+) ve 32. (Lise Dengi Mesleki Okul) ve 5. (Tam Zamanlı Veya Yarı Zamanlı Farketmez)|2014|9.0|10.0|12.0|6.0|7.0|5.0|7.0|6.0|9.0|13.0|13.0|11.0|
||2015|8.0|6.0|7.0|7.0|7.0|4.0|3.0|4.0|6.0|5.0|5.0|6.0|
||2016|6.0|6.0|4.0|6.0|5.0|7.0|8.0|8.0|4.0|5.0|5.0|5.0|
||2017|2.0|2.0|2.0|1.0|3.0|4.0|6.0|5.0|5.0|4.0|3.0|2.0|
||2018|2.0|2.0|4.0|3.0|4.0|2.0|3.0|2.0|4.0|4.0|5.0|6.0|
||2019|9.0|12.0|10.0|7.0|5.0|6.0|5.0|4.0|3.0|3.0|5.0|7.0|
||2020|12.0|18.0|23.0|22.0|24.0|25.0|27.0|22.0|24.0|26.0|28.0||
|1. (15+) ve 32. (Lise Dengi Mesleki Okul) ve 6. (Kendi İşini Kurmak İstiyor)|2014|10.0|9.0|9.0|10.0|11.0|10.0|11.0|10.0|9.0|7.0|10.0|13.0|
||2015|15.0|17.0|14.0|11.0|10.0|9.0|10.0|8.0|7.0|8.0|9.0|12.0|
||2016|16.0|17.0|16.0|14.0|12.0|11.0|8.0|12.0|21.0|21.0|19.0|12.0|
||2017|16.0|13.0|18.0|21.0|23.0|15.0|11.0|8.0|11.0|10.0|13.0|12.0|
||2018|9.0|8.0|8.0|13.0|14.0|14.0|11.0|10.0|9.0|8.0|12.0|13.0|
||2019|13.0|13.0|11.0|13.0|11.0|12.0|11.0|11.0|13.0|16.0|17.0|17.0|
||2020|12.0|13.0|14.0|16.0|15.0|15.0|17.0|17.0|18.0|18.0|20.0||
|1. (15+) ve 32. (Lise Dengi Mesleki Okul) ve 7. (İş Bulmuş, Başlamak İçin Bekliyor)|2014|8.0|9.0|7.0|8.0|7.0|8.0|6.0|8.0|7.0|6.0|5.0|6.0|
||2015|5.0|6.0|7.0|6.0|5.0|3.0|6.0|4.0|7.0|8.0|9.0|6.0|
||2016|3.0|2.0|1.0|1.0|2.0|3.0|2.0|8.0|8.0|11.0|6.0|8.0|
||2017|7.0|5.0|3.0|2.0|5.0|5.0|7.0|9.0|13.0|11.0|7.0|4.0|
||2018|5.0|7.0|8.0|14.0|14.0|13.0|6.0|6.0|7.0|8.0|9.0|13.0|
||2019|13.0|11.0|6.0|9.0|10.0|13.0|11.0|13.0|16.0|14.0|10.0|10.0|
||2020|12.0|12.0|7.0|5.0|6.0|7.0|9.0|9.0|11.0|8.0|7.0||
|1. (15+) ve 4. (Yüksek Öğretim) ve 1. (Tam Zamanlı)|2014|439.0|430.0|421.0|432.0|437.0|493.0|589.0|666.0|697.0|661.0|636.0|613.0|
||2015|613.0|596.0|581.0|535.0|565.0|593.0|659.0|703.0|724.0|696.0|638.0|609.0|
||2016|608.0|615.0|603.0|587.0|627.0|725.0|845.0|904.0|914.0|894.0|892.0|864.0|
||2017|858.0|839.0|800.0|766.0|756.0|838.0|934.0|937.0|926.0|846.0|825.0|787.0|
||2018|767.0|766.0|748.0|743.0|742.0|819.0|942.0|1014.0|993.0|963.0|952.0|1002.0|
||2019|1021.0|1042.0|1006.0|964.0|945.0|982.0|1094.0|1182.0|1173.0|1101.0|1007.0|998.0|
||2020|965.0|897.0|842.0|797.0|830.0|940.0|1012.0|1072.0|1072.0|1062.0|1053.0||
|1. (15+) ve 4. (Yüksek Öğretim) ve 2. (Tam Zamanlı, Ancak Bulamazsa Yarı Zamanlı Olabilir)|2014|10.0|11.0|11.0|12.0|10.0|9.0|10.0|14.0|16.0|15.0|14.0|12.0|
||2015|14.0|14.0|19.0|12.0|8.0|3.0|8.0|8.0|10.0|5.0|7.0|14.0|
||2016|17.0|16.0|13.0|13.0|18.0|14.0|14.0|12.0|21.0|24.0|29.0|25.0|
||2017|29.0|27.0|30.0|33.0|33.0|29.0|27.0|28.0|31.0|26.0|22.0|16.0|
||2018|22.0|17.0|17.0|16.0|18.0|21.0|15.0|15.0|14.0|12.0|11.0|7.0|
||2019|8.0|6.0|5.0|3.0|6.0|15.0|18.0|25.0|23.0|22.0|23.0|22.0|
||2020|22.0|18.0|15.0|19.0|16.0|18.0|18.0|23.0|29.0|31.0|27.0||
|1. (15+) ve 4. (Yüksek Öğretim) ve 3. (Yarı Zamanlı)|2014|6.0|7.0|7.0|5.0|3.0|3.0|1.0|3.0|4.0|4.0|3.0|4.0|
||2015|5.0|5.0|4.0|3.0|2.0|3.0|1.0|2.0|5.0|13.0|14.0|10.0|
||2016|2.0|0.0|1.0|1.0|2.0|3.0|5.0|8.0|6.0|7.0|4.0|4.0|
||2017|4.0|3.0|7.0|6.0|8.0|5.0|5.0|6.0|6.0|7.0|5.0|6.0|
||2018|8.0|9.0|9.0|6.0|6.0|4.0|4.0|3.0|5.0|8.0|9.0|8.0|
||2019|7.0|6.0|7.0|6.0|7.0|6.0|7.0|10.0|12.0|10.0|8.0|10.0|
||2020|11.0|8.0|3.0|2.0|3.0|3.0|4.0|7.0|11.0|13.0|11.0||
|1. (15+) ve 4. (Yüksek Öğretim) ve 4. (Yarı Zamanlı, Ancak Bulamazsa Tam Zamanlı Olabilir)|2014|-9.93E8|-9.93E8|-9.93E8|-9.93E8|-9.93E8|-9.93E8|-9.93E8|-9.93E8|-9.93E8|-9.93E8|-9.93E8|-9.93E8|
||2015|-9.93E8|-9.93E8|-9.93E8|-9.93E8|-9.93E8|-9.93E8|-9.93E8|-9.93E8|-9.93E8|-9.93E8|-9.93E8|1.0|
||2016|1.0|1.0|-9.93E8|-9.93E8|-9.93E8|-9.93E8|-9.93E8|-9.93E8|-9.93E8|-9.93E8|-9.93E8|-9.93E8|
||2017|-9.93E8|-9.93E8|-9.93E8|-9.93E8|0.0|2.0|2.0|1.0|0.0|0.0|-9.93E8|-9.93E8|
||2018|-9.93E8|-9.93E8|-9.93E8|-9.93E8|-9.93E8|-9.93E8|-9.93E8|-9.93E8|-9.93E8|-9.93E8|-9.93E8|-9.93E8|
||2019|-9.93E8|-9.93E8|-9.93E8|-9.93E8|1.0|1.0|1.0|1.0|1.0|1.0|-9.93E8|0.0|
||2020|0.0|0.0|-9.93E8|-9.93E8|-9.93E8|-9.93E8|-9.93E8|1.0|2.0|2.0|3.0||
|1. (15+) ve 4. (Yüksek Öğretim) ve 5. (Tam Zamanlı Veya Yarı Zamanlı Farketmez)|2014|10.0|10.0|9.0|8.0|6.0|7.0|11.0|13.0|14.0|15.0|15.0|12.0|
||2015|6.0|2.0|5.0|6.0|6.0|7.0|6.0|9.0|6.0|6.0|4.0|4.0|
||2016|4.0|4.0|4.0|5.0|7.0|6.0|9.0|9.0|9.0|5.0|4.0|4.0|
||2017|2.0|2.0|2.0|2.0|2.0|3.0|3.0|5.0|3.0|3.0|4.0|3.0|
||2018|4.0|7.0|9.0|10.0|6.0|5.0|3.0|3.0|10.0|15.0|18.0|12.0|
||2019|12.0|12.0|12.0|8.0|6.0|9.0|11.0|10.0|7.0|9.0|9.0|10.0|
||2020|14.0|19.0|26.0|32.0|37.0|38.0|38.0|43.0|44.0|46.0|39.0||
|1. (15+) ve 4. (Yüksek Öğretim) ve 6. (Kendi İşini Kurmak İstiyor)|2014|18.0|18.0|16.0|15.0|21.0|30.0|25.0|25.0|17.0|19.0|32.0|37.0|
||2015|39.0|29.0|29.0|32.0|28.0|30.0|28.0|27.0|25.0|34.0|32.0|29.0|
||2016|21.0|18.0|20.0|15.0|20.0|23.0|31.0|25.0|22.0|23.0|34.0|42.0|
||2017|43.0|37.0|28.0|21.0|21.0|28.0|37.0|33.0|32.0|28.0|27.0|22.0|
||2018|21.0|26.0|26.0|30.0|29.0|33.0|31.0|34.0|32.0|30.0|29.0|28.0|
||2019|32.0|32.0|28.0|23.0|22.0|25.0|25.0|26.0|20.0|25.0|25.0|36.0|
||2020|30.0|29.0|21.0|28.0|27.0|31.0|33.0|37.0|42.0|43.0|42.0||
|1. (15+) ve 4. (Yüksek Öğretim) ve 7. (İş Bulmuş, Başlamak İçin Bekliyor)|2014|10.0|11.0|14.0|10.0|7.0|8.0|20.0|23.0|21.0|12.0|8.0|9.0|
||2015|8.0|11.0|11.0|12.0|10.0|13.0|18.0|25.0|19.0|15.0|8.0|12.0|
||2016|15.0|16.0|17.0|13.0|15.0|14.0|20.0|20.0|20.0|22.0|20.0|18.0|
||2017|12.0|13.0|17.0|14.0|19.0|22.0|29.0|39.0|39.0|35.0|23.0|13.0|
||2018|14.0|14.0|16.0|16.0|16.0|25.0|35.0|41.0|35.0|22.0|13.0|11.0|
||2019|18.0|24.0|28.0|24.0|19.0|20.0|21.0|22.0|13.0|8.0|11.0|19.0|
||2020|23.0|23.0|21.0|20.0|23.0|24.0|32.0|35.0|37.0|28.0|21.0||
|2. (15-24) ve 1. (Okuma Yazma Bilmeyen) ve 1. (Tam Zamanlı)|2014|6.0|7.0|6.0|5.0|5.0|5.0|3.0|2.0|3.0|7.0|9.0|9.0|
||2015|6.0|7.0|6.0|5.0|3.0|2.0|3.0|3.0|4.0|4.0|7.0|7.0|
||2016|12.0|10.0|8.0|2.0|2.0|8.0|8.0|8.0|3.0|3.0|5.0|10.0|
||2017|10.0|8.0|3.0|2.0|4.0|5.0|5.0|5.0|6.0|8.0|8.0|10.0|
||2018|9.0|7.0|6.0|4.0|3.0|1.0|5.0|10.0|10.0|5.0|1.0|1.0|
||2019|9.0|15.0|16.0|11.0|5.0|10.0|10.0|9.0|4.0|6.0|7.0|9.0|
||2020|9.0|8.0|5.0|4.0|6.0|5.0|3.0|3.0|3.0|2.0|-9.93E8||
|2. (15-24) ve 1. (Okuma Yazma Bilmeyen) ve 2. (Tam Zamanlı, Ancak Bulamazsa Yarı Zamanlı Olabilir)|2014|1.0|1.0|5.0|7.0|6.0|2.0|-9.93E8|-9.93E8|-9.93E8|-9.93E8|0.0|0.0|
||2015|0.0|-9.93E8|0.0|0.0|0.0|-9.93E8|-9.93E8|-9.93E8|-9.93E8|-9.93E8|-9.93E8|-9.93E8|
||2016|-9.93E8|-9.93E8|-9.93E8|-9.93E8|-9.93E8|-9.93E8|-9.93E8|-9.93E8|-9.93E8|-9.93E8|-9.93E8|-9.93E8|
||2017|-9.93E8|-9.93E8|-9.93E8|-9.93E8|-9.93E8|-9.93E8|-9.93E8|-9.93E8|-9.93E8|-9.93E8|-9.93E8|-9.93E8|
||2018|-9.93E8|-9.93E8|-9.93E8|-9.93E8|-9.93E8|-9.93E8|-9.93E8|-9.93E8|-9.93E8|1.0|1.0|1.0|
||2019|-9.93E8|-9.93E8|-9.93E8|-9.93E8|-9.93E8|-9.93E8|-9.93E8|-9.93E8|-9.93E8|-9.93E8|-9.93E8|-9.93E8|
||2020|-9.93E8|-9.93E8|-9.93E8|-9.93E8|-9.93E8|-9.93E8|-9.93E8|2.0|2.0|2.0|-9.93E8||
|2. (15-24) ve 1. (Okuma Yazma Bilmeyen) ve 3. (Yarı Zamanlı)|2014|-9.93E8|-9.93E8|-9.93E8|-9.93E8|-9.93E8|-9.93E8|-9.93E8|-9.93E8|-9.93E8|-9.93E8|-9.93E8|-9.93E8|
||2015|-9.93E8|-9.93E8|-9.93E8|-9.93E8|-9.93E8|-9.93E8|-9.93E8|-9.93E8|-9.93E8|-9.93E8|-9.93E8|-9.93E8|
||2016|-9.93E8|-9.93E8|-9.93E8|-9.93E8|-9.93E8|-9.93E8|-9.93E8|-9.93E8|-9.93E8|-9.93E8|-9.93E8|-9.93E8|
||2017|-9.93E8|-9.93E8|-9.93E8|-9.93E8|-9.93E8|-9.93E8|-9.93E8|-9.93E8|-9.93E8|-9.93E8|-9.93E8|-9.93E8|
||2018|-9.93E8|-9.93E8|-9.93E8|-9.93E8|-9.93E8|-9.93E8|-9.93E8|-9.93E8|-9.93E8|-9.93E8|-9.93E8|-9.93E8|
||2019|-9.93E8|-9.93E8|-9.93E8|-9.93E8|-9.93E8|-9.93E8|-9.93E8|-9.93E8|-9.93E8|-9.93E8|-9.93E8|-9.93E8|
||2020|-9.93E8|-9.93E8|-9.93E8|-9.93E8|-9.93E8|-9.93E8|-9.93E8|-9.93E8|-9.93E8|-9.93E8|-9.93E8||
|2. (15-24) ve 1. (Okuma Yazma Bilmeyen) ve 4. (Yarı Zamanlı, Ancak Bulamazsa Tam Zamanlı Olabilir)|2014|-9.93E8|-9.93E8|-9.93E8|-9.93E8|-9.93E8|-9.93E8|-9.93E8||||-9.93E8|-9.93E8|
||2015|-9.93E8|-9.93E8|-9.93E8|||||-9.93E8|-9.93E8|-9.93E8|-9.93E8|-9.93E8|
||2016|-9.93E8|-9.93E8||-9.93E8|-9.93E8|-9.93E8|1.0|1.0|1.0|-9.93E8|-9.93E8|-9.93E8|
||2017|||-9.93E8|-9.93E8|-9.93E8|-9.93E8|-9.93E8|-9.93E8|-9.93E8|-9.93E8|-9.93E8|-9.93E8|
||2018|-9.93E8|-9.93E8||-9.93E8|-9.93E8|-9.93E8|||-9.93E8|-9.93E8|-9.93E8|-9.93E8|
||2019|-9.93E8|-9.93E8|-9.93E8|-9.93E8|-9.93E8|-9.93E8|-9.93E8|-9.93E8|||||
||2020|||-9.93E8|-9.93E8|-9.93E8|-9.93E8|-9.93E8|-9.93E8|-9.93E8|-9.93E8|-9.93E8||
|2. (15-24) ve 1. (Okuma Yazma Bilmeyen) ve 5. (Tam Zamanlı Veya Yarı Zamanlı Farketmez)|2014|1.0|1.0|1.0|-9.93E8|-9.93E8|-9.93E8|-9.93E8|1.0|1.0|1.0|-9.93E8|1.0|
||2015|1.0|1.0|-9.93E8|-9.93E8|1.0|1.0|1.0|0.0|-9.93E8|-9.93E8|-9.93E8|-9.93E8|
||2016|-9.93E8|-9.93E8|-9.93E8|-9.93E8|-9.93E8|-9.93E8|-9.93E8|-9.93E8|-9.93E8|-9.93E8|-9.93E8|-9.93E8|
||2017|-9.93E8|-9.93E8|-9.93E8|-9.93E8|-9.93E8|-9.93E8|-9.93E8|-9.93E8|-9.93E8|-9.93E8|-9.93E8|-9.93E8|
||2018|-9.93E8|-9.93E8|-9.93E8|-9.93E8|-9.93E8|-9.93E8|-9.93E8|2.0|2.0|2.0|-9.93E8|-9.93E8|
||2019|-9.93E8|-9.93E8|1.0|1.0|1.0|1.0|1.0|1.0|-9.93E8|-9.93E8|-9.93E8|-9.93E8|
||2020|1.0|1.0|1.0|-9.93E8|-9.93E8|-9.93E8|-9.93E8|-9.93E8|1.0|1.0|1.0||
|2. (15-24) ve 1. (Okuma Yazma Bilmeyen) ve 6. (Kendi İşini Kurmak İstiyor)|2014|-9.93E8|-9.93E8|-9.93E8|2.0|2.0|2.0|-9.93E8|-9.93E8|-9.93E8|-9.93E8|-9.93E8|-9.93E8|
||2015|-9.93E8|-9.93E8|-9.93E8|-9.93E8|-9.93E8|-9.93E8|-9.93E8|-9.93E8|-9.93E8|-9.93E8|-9.93E8|-9.93E8|
||2016|-9.93E8|-9.93E8|-9.93E8|-9.93E8|-9.93E8|-9.93E8|-9.93E8|-9.93E8|-9.93E8|-9.93E8|0.0|0.0|
||2017|0.0|-9.93E8|-9.93E8|-9.93E8|-9.93E8|-9.93E8|-9.93E8|-9.93E8|-9.93E8|-9.93E8|-9.93E8|-9.93E8|
||2018|-9.93E8|-9.93E8|-9.93E8|-9.93E8|-9.93E8|-9.93E8|-9.93E8|-9.93E8|-9.93E8|-9.93E8|-9.93E8|-9.93E8|
||2019|-9.93E8|-9.93E8|-9.93E8|-9.93E8|-9.93E8|-9.93E8|-9.93E8|-9.93E8|-9.93E8|-9.93E8|-9.93E8|-9.93E8|
||2020|-9.93E8|-9.93E8|-9.93E8|-9.93E8|-9.93E8|-9.93E8|-9.93E8|-9.93E8|-9.93E8|-9.93E8|-9.93E8||
|2. (15-24) ve 1. (Okuma Yazma Bilmeyen) ve 7. (İş Bulmuş, Başlamak İçin Bekliyor)|2014|-9.93E8|-9.93E8|-9.93E8|-9.93E8|-9.93E8|-9.93E8|-9.93E8|-9.93E8|-9.93E8|-9.93E8|-9.93E8|-9.93E8|
||2015|-9.93E8|-9.93E8|-9.93E8|-9.93E8|-9.93E8|-9.93E8|-9.93E8|-9.93E8|-9.93E8|-9.93E8|-9.93E8|1.0|
||2016|1.0|1.0|-9.93E8|-9.93E8|-9.93E8|-9.93E8|-9.93E8|-9.93E8|-9.93E8|-9.93E8|-9.93E8|-9.93E8|
||2017|-9.93E8|-9.93E8|-9.93E8|-9.93E8|-9.93E8|-9.93E8|-9.93E8|-9.93E8|-9.93E8|-9.93E8|-9.93E8|-9.93E8|
||2018|-9.93E8|-9.93E8|-9.93E8|-9.93E8|-9.93E8|-9.93E8|-9.93E8|-9.93E8|-9.93E8|-9.93E8|-9.93E8|-9.93E8|
||2019|-9.93E8|-9.93E8|-9.93E8|-9.93E8|-9.93E8|-9.93E8|-9.93E8|-9.93E8|-9.93E8|-9.93E8|-9.93E8|-9.93E8|
||2020|-9.93E8|-9.93E8|-9.93E8|-9.93E8|-9.93E8|-9.93E8|-9.93E8|-9.93E8|-9.93E8|-9.93E8|-9.93E8||
|2. (15-24) ve 21. (Okuma Yazma Bilen Fakat Bir Okul Bitirmeyen) ve 1. (Tam Zamanlı)|2014|42.0|44.0|48.0|48.0|41.0|36.0|37.0|36.0|44.0|39.0|46.0|36.0|
||2015|33.0|28.0|30.0|37.0|39.0|43.0|35.0|39.0|47.0|44.0|44.0|36.0|
||2016|44.0|37.0|37.0|35.0|37.0|36.0|38.0|41.0|42.0|35.0|45.0|48.0|
||2017|51.0|39.0|37.0|37.0|38.0|33.0|39.0|34.0|29.0|31.0|39.0|48.0|
||2018|50.0|43.0|35.0|37.0|39.0|49.0|34.0|37.0|32.0|36.0|35.0|33.0|
||2019|38.0|36.0|37.0|31.0|28.0|25.0|21.0|28.0|31.0|35.0|28.0|28.0|
||2020|25.0|31.0|28.0|24.0|20.0|21.0|26.0|28.0|23.0|20.0|22.0||
|2. (15-24) ve 21. (Okuma Yazma Bilen Fakat Bir Okul Bitirmeyen) ve 2. (Tam Zamanlı, Ancak Bulamazsa Yarı Zamanlı Olabilir)|2014|3.0|4.0|3.0|2.0|3.0|3.0|3.0|1.0|1.0|1.0|2.0|3.0|
||2015|2.0|1.0|1.0|1.0|1.0|-9.93E8|-9.93E8|1.0|2.0|2.0|4.0|3.0|
||2016|4.0|1.0|1.0|0.0|-9.93E8|1.0|1.0|3.0|2.0|3.0|1.0|3.0|
||2017|2.0|4.0|3.0|2.0|2.0|3.0|3.0|1.0|0.0|1.0|2.0|2.0|
||2018|1.0|-9.93E8|-9.93E8|-9.93E8|-9.93E8|1.0|2.0|2.0|1.0|-9.93E8|-9.93E8|-9.93E8|
||2019|-9.93E8|2.0|2.0|3.0|1.0|1.0|-9.93E8|1.0|1.0|1.0|-9.93E8|-9.93E8|
||2020|-9.93E8|-9.93E8|-9.93E8|-9.93E8|-9.93E8|1.0|1.0|1.0|0.0|0.0|-9.93E8||
|2. (15-24) ve 21. (Okuma Yazma Bilen Fakat Bir Okul Bitirmeyen) ve 3. (Yarı Zamanlı)|2014|-9.93E8|-9.93E8|-9.93E8|-9.93E8|-9.93E8|0.0|1.0|1.0|-9.93E8|-9.93E8|-9.93E8|-9.93E8|
||2015|-9.93E8|-9.93E8|-9.93E8|-9.93E8|-9.93E8|-9.93E8|-9.93E8|-9.93E8|-9.93E8|1.0|1.0|2.0|
||2016|1.0|1.0|0.0|-9.93E8|-9.93E8|-9.93E8|-9.93E8|-9.93E8|-9.93E8|-9.93E8|-9.93E8|-9.93E8|
||2017|-9.93E8|-9.93E8|-9.93E8|-9.93E8|-9.93E8|-9.93E8|0.0|0.0|0.0|-9.93E8|-9.93E8|-9.93E8|
||2018|-9.93E8|-9.93E8|1.0|1.0|1.0|-9.93E8|-9.93E8|-9.93E8|-9.93E8|-9.93E8|-9.93E8|-9.93E8|
||2019|-9.93E8|-9.93E8|-9.93E8|-9.93E8|-9.93E8|1.0|1.0|1.0|-9.93E8|1.0|1.0|1.0|
||2020|-9.93E8|-9.93E8|-9.93E8|-9.93E8|-9.93E8|-9.93E8|-9.93E8|-9.93E8|-9.93E8|-9.93E8|-9.93E8||
|2. (15-24) ve 21. (Okuma Yazma Bilen Fakat Bir Okul Bitirmeyen) ve 4. (Yarı Zamanlı, Ancak Bulamazsa Tam Zamanlı Olabilir)|2014|-9.93E8|-9.93E8|-9.93E8|-9.93E8|-9.93E8|-9.93E8|-9.93E8||||-9.93E8|-9.93E8|
||2015|-9.93E8|-9.93E8|-9.93E8|||||-9.93E8|-9.93E8|-9.93E8|-9.93E8|-9.93E8|
||2016|-9.93E8|-9.93E8||-9.93E8|-9.93E8|-9.93E8|-9.93E8|-9.93E8|-9.93E8|-9.93E8|-9.93E8|-9.93E8|
||2017|||-9.93E8|-9.93E8|-9.93E8|-9.93E8|-9.93E8|-9.93E8|-9.93E8|-9.93E8|-9.93E8|-9.93E8|
||2018|-9.93E8|-9.93E8||-9.93E8|-9.93E8|-9.93E8|||-9.93E8|-9.93E8|-9.93E8|-9.93E8|
||2019|-9.93E8|-9.93E8|-9.93E8|-9.93E8|-9.93E8|-9.93E8|-9.93E8|-9.93E8|||||
||2020|||-9.93E8|-9.93E8|-9.93E8|-9.93E8|-9.93E8|-9.93E8|-9.93E8|-9.93E8|-9.93E8||
|2. (15-24) ve 21. (Okuma Yazma Bilen Fakat Bir Okul Bitirmeyen) ve 5. (Tam Zamanlı Veya Yarı Zamanlı Farketmez)|2014|2.0|3.0|2.0|1.0|-9.93E8|0.0|1.0|1.0|1.0|1.0|1.0|0.0|
||2015|0.0|1.0|1.0|1.0|0.0|2.0|2.0|2.0|1.0|1.0|1.0|-9.93E8|
||2016|-9.93E8|1.0|1.0|1.0|1.0|1.0|1.0|-9.93E8|-9.93E8|-9.93E8|-9.93E8|-9.93E8|
||2017|-9.93E8|-9.93E8|-9.93E8|-9.93E8|-9.93E8|-9.93E8|-9.93E8|0.0|0.0|0.0|-9.93E8|0.0|
||2018|2.0|2.0|2.0|-9.93E8|-9.93E8|1.0|1.0|3.0|3.0|2.0|-9.93E8|1.0|
||2019|2.0|2.0|1.0|-9.93E8|-9.93E8|-9.93E8|1.0|1.0|1.0|-9.93E8|-9.93E8|-9.93E8|
||2020|-9.93E8|-9.93E8|0.0|2.0|2.0|3.0|1.0|1.0|-9.93E8|2.0|2.0||
|2. (15-24) ve 21. (Okuma Yazma Bilen Fakat Bir Okul Bitirmeyen) ve 6. (Kendi İşini Kurmak İstiyor)|2014|-9.93E8|-9.93E8|-9.93E8|0.0|0.0|0.0|1.0|1.0|0.0|2.0|3.0|3.0|
||2015|1.0|0.0|0.0|0.0|1.0|1.0|1.0|2.0|2.0|3.0|1.0|1.0|
||2016|-9.93E8|1.0|1.0|1.0|-9.93E8|0.0|0.0|0.0|-9.93E8|-9.93E8|-9.93E8|0.0|
||2017|0.0|0.0|1.0|1.0|1.0|1.0|1.0|1.0|-9.93E8|-9.93E8|-9.93E8|-9.93E8|
||2018|-9.93E8|-9.93E8|-9.93E8|-9.93E8|-9.93E8|-9.93E8|1.0|1.0|1.0|1.0|2.0|1.0|
||2019|2.0|2.0|2.0|1.0|1.0|1.0|2.0|1.0|1.0|-9.93E8|0.0|1.0|
||2020|1.0|1.0|0.0|-9.93E8|-9.93E8|-9.93E8|-9.93E8|0.0|1.0|1.0|0.0||
|2. (15-24) ve 21. (Okuma Yazma Bilen Fakat Bir Okul Bitirmeyen) ve 7. (İş Bulmuş, Başlamak İçin Bekliyor)|2014|1.0|0.0|0.0|-9.93E8|-9.93E8|-9.93E8|-9.93E8|-9.93E8|-9.93E8|-9.93E8|1.0|1.0|
||2015|3.0|2.0|2.0|-9.93E8|-9.93E8|-9.93E8|-9.93E8|1.0|2.0|3.0|2.0|-9.93E8|
||2016|-9.93E8|-9.93E8|-9.93E8|-9.93E8|-9.93E8|-9.93E8|0.0|0.0|0.0|-9.93E8|-9.93E8|-9.93E8|
||2017|-9.93E8|-9.93E8|-9.93E8|-9.93E8|-9.93E8|-9.93E8|-9.93E8|-9.93E8|-9.93E8|-9.93E8|-9.93E8|-9.93E8|
||2018|1.0|1.0|1.0|-9.93E8|-9.93E8|-9.93E8|-9.93E8|-9.93E8|-9.93E8|-9.93E8|-9.93E8|-9.93E8|
||2019|2.0|2.0|2.0|-9.93E8|-9.93E8|-9.93E8|-9.93E8|-9.93E8|-9.93E8|2.0|2.0|2.0|
||2020|-9.93E8|-9.93E8|-9.93E8|-9.93E8|-9.93E8|-9.93E8|-9.93E8|-9.93E8|-9.93E8|-9.93E8|-9.93E8||
|2. (15-24) ve 22. (İlkokul) ve 1. (Tam Zamanlı)|2014|4.0|4.0|4.0|2.0|7.0|9.0|11.0|8.0|5.0|5.0|3.0|5.0|
||2015|4.0|8.0|8.0|9.0|6.0|6.0|9.0|8.0|7.0|8.0|11.0|11.0|
||2016|9.0|9.0|9.0|15.0|12.0|11.0|7.0|6.0|6.0|8.0|8.0|12.0|
||2017|11.0|9.0|6.0|3.0|5.0|6.0|13.0|13.0|15.0|11.0|14.0|14.0|
||2018|16.0|11.0|11.0|6.0|9.0|7.0|12.0|14.0|21.0|20.0|21.0|17.0|
||2019|31.0|38.0|40.0|27.0|16.0|14.0|20.0|24.0|22.0|18.0|19.0|23.0|
||2020|23.0|19.0|18.0|14.0|17.0|18.0|20.0|21.0|24.0|29.0|24.0||
|2. (15-24) ve 22. (İlkokul) ve 2. (Tam Zamanlı, Ancak Bulamazsa Yarı Zamanlı Olabilir)|2014|-9.93E8|-9.93E8|-9.93E8|1.0|1.0|1.0|1.0|-9.93E8|-9.93E8|-9.93E8|-9.93E8|-9.93E8|
||2015|-9.93E8|-9.93E8|-9.93E8|-9.93E8|-9.93E8|-9.93E8|-9.93E8|-9.93E8|-9.93E8|1.0|1.0|1.0|
||2016|-9.93E8|-9.93E8|-9.93E8|-9.93E8|-9.93E8|-9.93E8|-9.93E8|0.0|0.0|1.0|1.0|1.0|
||2017|1.0|1.0|-9.93E8|-9.93E8|-9.93E8|-9.93E8|1.0|2.0|2.0|1.0|-9.93E8|-9.93E8|
||2018|1.0|1.0|1.0|-9.93E8|-9.93E8|-9.93E8|-9.93E8|-9.93E8|-9.93E8|-9.93E8|-9.93E8|-9.93E8|
||2019|-9.93E8|-9.93E8|-9.93E8|0.0|0.0|0.0|-9.93E8|-9.93E8|-9.93E8|-9.93E8|1.0|1.0|
||2020|1.0|2.0|2.0|1.0|-9.93E8|-9.93E8|-9.93E8|-9.93E8|-9.93E8|-9.93E8|-9.93E8||
|2. (15-24) ve 22. (İlkokul) ve 3. (Yarı Zamanlı)|2014|-9.93E8|-9.93E8|-9.93E8|-9.93E8|-9.93E8|-9.93E8|-9.93E8|-9.93E8|-9.93E8|-9.93E8|-9.93E8|-9.93E8|
||2015|-9.93E8|-9.93E8|-9.93E8|-9.93E8|-9.93E8|-9.93E8|-9.93E8|-9.93E8|-9.93E8|-9.93E8|-9.93E8|-9.93E8|
||2016|-9.93E8|-9.93E8|-9.93E8|-9.93E8|-9.93E8|-9.93E8|-9.93E8|-9.93E8|-9.93E8|-9.93E8|-9.93E8|-9.93E8|
||2017|-9.93E8|-9.93E8|-9.93E8|-9.93E8|-9.93E8|-9.93E8|-9.93E8|-9.93E8|-9.93E8|-9.93E8|-9.93E8|-9.93E8|
||2018|-9.93E8|-9.93E8|-9.93E8|-9.93E8|-9.93E8|-9.93E8|-9.93E8|-9.93E8|-9.93E8|-9.93E8|-9.93E8|-9.93E8|
||2019|-9.93E8|-9.93E8|-9.93E8|-9.93E8|-9.93E8|-9.93E8|2.0|2.0|2.0|-9.93E8|-9.93E8|-9.93E8|
||2020|-9.93E8|-9.93E8|-9.93E8|-9.93E8|-9.93E8|-9.93E8|-9.93E8|-9.93E8|-9.93E8|-9.93E8|-9.93E8||
|2. (15-24) ve 22. (İlkokul) ve 4. (Yarı Zamanlı, Ancak Bulamazsa Tam Zamanlı Olabilir)|2014|-9.93E8|-9.93E8|-9.93E8|-9.93E8|-9.93E8|-9.93E8|-9.93E8||||-9.93E8|-9.93E8|
||2015|-9.93E8|-9.93E8|-9.93E8|||||-9.93E8|-9.93E8|-9.93E8|-9.93E8|-9.93E8|
||2016|-9.93E8|-9.93E8||-9.93E8|-9.93E8|-9.93E8|-9.93E8|-9.93E8|-9.93E8|-9.93E8|-9.93E8|-9.93E8|
||2017|||-9.93E8|-9.93E8|-9.93E8|-9.93E8|-9.93E8|-9.93E8|-9.93E8|-9.93E8|-9.93E8|-9.93E8|
||2018|-9.93E8|-9.93E8||-9.93E8|-9.93E8|-9.93E8|||-9.93E8|-9.93E8|-9.93E8|-9.93E8|
||2019|-9.93E8|-9.93E8|-9.93E8|-9.93E8|-9.93E8|-9.93E8|-9.93E8|-9.93E8|||||
||2020|||-9.93E8|-9.93E8|-9.93E8|-9.93E8|-9.93E8|-9.93E8|-9.93E8|-9.93E8|-9.93E8||
|2. (15-24) ve 22. (İlkokul) ve 5. (Tam Zamanlı Veya Yarı Zamanlı Farketmez)|2014|1.0|1.0|0.0|0.0|0.0|-9.93E8|-9.93E8|1.0|1.0|1.0|-9.93E8|-9.93E8|
||2015|-9.93E8|-9.93E8|-9.93E8|-9.93E8|-9.93E8|-9.93E8|-9.93E8|-9.93E8|-9.93E8|-9.93E8|-9.93E8|-9.93E8|
||2016|-9.93E8|-9.93E8|-9.93E8|-9.93E8|-9.93E8|-9.93E8|-9.93E8|-9.93E8|-9.93E8|-9.93E8|-9.93E8|1.0|
||2017|1.0|1.0|-9.93E8|-9.93E8|-9.93E8|-9.93E8|-9.93E8|-9.93E8|-9.93E8|1.0|2.0|2.0|
||2018|2.0|2.0|2.0|1.0|-9.93E8|3.0|3.0|3.0|2.0|2.0|2.0|1.0|
||2019|1.0|1.0|0.0|0.0|0.0|0.0|1.0|1.0|1.0|-9.93E8|-9.93E8|-9.93E8|
||2020|-9.93E8|2.0|2.0|4.0|1.0|2.0|1.0|1.0|-9.93E8|-9.93E8|-9.93E8||
|2. (15-24) ve 22. (İlkokul) ve 6. (Kendi İşini Kurmak İstiyor)|2014|1.0|1.0|0.0|-9.93E8|-9.93E8|-9.93E8|-9.93E8|-9.93E8|-9.93E8|-9.93E8|-9.93E8|-9.93E8|
||2015|-9.93E8|-9.93E8|-9.93E8|1.0|1.0|1.0|-9.93E8|-9.93E8|-9.93E8|-9.93E8|-9.93E8|0.0|
||2016|1.0|2.0|1.0|0.0|-9.93E8|-9.93E8|-9.93E8|-9.93E8|-9.93E8|-9.93E8|-9.93E8|-9.93E8|
||2017|-9.93E8|-9.93E8|-9.93E8|-9.93E8|-9.93E8|-9.93E8|-9.93E8|-9.93E8|-9.93E8|-9.93E8|-9.93E8|-9.93E8|
||2018|-9.93E8|-9.93E8|-9.93E8|-9.93E8|-9.93E8|-9.93E8|-9.93E8|-9.93E8|-9.93E8|-9.93E8|-9.93E8|0.0|
||2019|0.0|1.0|1.0|1.0|-9.93E8|-9.93E8|-9.93E8|-9.93E8|-9.93E8|-9.93E8|-9.93E8|-9.93E8|
||2020|-9.93E8|0.0|0.0|0.0|-9.93E8|-9.93E8|-9.93E8|-9.93E8|-9.93E8|-9.93E8|-9.93E8||
|2. (15-24) ve 22. (İlkokul) ve 7. (İş Bulmuş, Başlamak İçin Bekliyor)|2014|-9.93E8|-9.93E8|0.0|0.0|0.0|-9.93E8|-9.93E8|-9.93E8|-9.93E8|-9.93E8|-9.93E8|-9.93E8|
||2015|-9.93E8|-9.93E8|-9.93E8|-9.93E8|-9.93E8|-9.93E8|-9.93E8|-9.93E8|-9.93E8|-9.93E8|-9.93E8|-9.93E8|
||2016|-9.93E8|-9.93E8|-9.93E8|-9.93E8|-9.93E8|-9.93E8|-9.93E8|-9.93E8|-9.93E8|-9.93E8|-9.93E8|-9.93E8|
||2017|-9.93E8|-9.93E8|-9.93E8|-9.93E8|-9.93E8|-9.93E8|1.0|1.0|1.0|1.0|1.0|1.0|
||2018|-9.93E8|-9.93E8|-9.93E8|-9.93E8|1.0|1.0|1.0|-9.93E8|-9.93E8|-9.93E8|-9.93E8|-9.93E8|
||2019|-9.93E8|-9.93E8|-9.93E8|2.0|2.0|4.0|2.0|2.0|-9.93E8|-9.93E8|-9.93E8|-9.93E8|
||2020|-9.93E8|-9.93E8|-9.93E8|-9.93E8|-9.93E8|-9.93E8|-9.93E8|-9.93E8|-9.93E8|-9.93E8|-9.93E8||
|2. (15-24) ve 23. (İlköğretim) ve 1. (Tam Zamanlı)|2014|318.0|300.0|303.0|293.0|311.0|317.0|327.0|312.0|315.0|317.0|315.0|338.0|
||2015|333.0|335.0|299.0|279.0|290.0|289.0|301.0|278.0|284.0|297.0|301.0|298.0|
||2016|275.0|262.0|243.0|226.0|237.0|250.0|255.0|253.0|240.0|252.0|260.0|287.0|
||2017|289.0|282.0|238.0|205.0|183.0|192.0|189.0|189.0|175.0|185.0|178.0|181.0|
||2018|183.0|180.0|173.0|153.0|143.0|156.0|155.0|171.0|169.0|172.0|201.0|200.0|
||2019|229.0|202.0|200.0|167.0|171.0|160.0|183.0|172.0|167.0|149.0|147.0|156.0|
||2020|140.0|130.0|119.0|113.0|117.0|116.0|117.0|103.0|86.0|69.0|76.0||
|2. (15-24) ve 23. (İlköğretim) ve 2. (Tam Zamanlı, Ancak Bulamazsa Yarı Zamanlı Olabilir)|2014|14.0|19.0|18.0|14.0|10.0|12.0|13.0|11.0|8.0|10.0|8.0|13.0|
||2015|16.0|18.0|15.0|11.0|8.0|12.0|9.0|6.0|-9.93E8|1.0|6.0|12.0|
||2016|15.0|12.0|8.0|7.0|6.0|8.0|8.0|7.0|7.0|10.0|12.0|16.0|
||2017|17.0|15.0|13.0|7.0|7.0|5.0|6.0|7.0|7.0|10.0|8.0|8.0|
||2018|6.0|9.0|9.0|4.0|4.0|3.0|4.0|2.0|1.0|1.0|3.0|3.0|
||2019|4.0|3.0|3.0|2.0|4.0|4.0|6.0|5.0|6.0|7.0|8.0|7.0|
||2020|9.0|5.0|4.0|2.0|4.0|4.0|3.0|2.0|3.0|5.0|7.0||
|2. (15-24) ve 23. (İlköğretim) ve 3. (Yarı Zamanlı)|2014|3.0|2.0|3.0|4.0|5.0|3.0|2.0|2.0|4.0|6.0|6.0|4.0|
||2015|6.0|6.0|6.0|6.0|7.0|5.0|3.0|1.0|2.0|1.0|2.0|2.0|
||2016|2.0|3.0|3.0|3.0|1.0|2.0|1.0|1.0|0.0|1.0|1.0|1.0|
||2017|2.0|2.0|2.0|1.0|1.0|1.0|1.0|-9.93E8|0.0|0.0|0.0|0.0|
||2018|2.0|6.0|5.0|5.0|1.0|1.0|0.0|1.0|1.0|1.0|1.0|1.0|
||2019|1.0|-9.93E8|1.0|1.0|1.0|-9.93E8|-9.93E8|2.0|2.0|2.0|0.0|-9.93E8|
||2020|-9.93E8|-9.93E8|-9.93E8|1.0|1.0|1.0|1.0|1.0|1.0|-9.93E8|-9.93E8||
|2. (15-24) ve 23. (İlköğretim) ve 4. (Yarı Zamanlı, Ancak Bulamazsa Tam Zamanlı Olabilir)|2014|0.0|0.0|0.0|0.0|1.0|1.0|1.0||||1.0|1.0|
||2015|1.0|1.0|1.0|||||1.0|1.0|1.0|-9.93E8|-9.93E8|
||2016|-9.93E8|-9.93E8||1.0|1.0|1.0|-9.93E8|-9.93E8|-9.93E8|-9.93E8|-9.93E8|-9.93E8|
||2017|||-9.93E8|-9.93E8|-9.93E8|-9.93E8|-9.93E8|-9.93E8|-9.93E8|-9.93E8|-9.93E8|-9.93E8|
||2018|-9.93E8|-9.93E8||-9.93E8|-9.93E8|-9.93E8|||-9.93E8|-9.93E8|-9.93E8|-9.93E8|
||2019|-9.93E8|-9.93E8|-9.93E8|-9.93E8|-9.93E8|-9.93E8|-9.93E8|-9.93E8|||||
||2020|||-9.93E8|-9.93E8|-9.93E8|-9.93E8|-9.93E8|1.0|1.0|1.0|-9.93E8||
|2. (15-24) ve 23. (İlköğretim) ve 5. (Tam Zamanlı Veya Yarı Zamanlı Farketmez)|2014|12.0|13.0|17.0|14.0|12.0|7.0|11.0|8.0|8.0|9.0|8.0|10.0|
||2015|7.0|5.0|3.0|2.0|5.0|7.0|8.0|5.0|3.0|1.0|2.0|2.0|
||2016|5.0|6.0|8.0|5.0|4.0|1.0|3.0|1.0|2.0|-9.93E8|-9.93E8|1.0|
||2017|1.0|1.0|2.0|1.0|1.0|0.0|-9.93E8|-9.93E8|0.0|2.0|3.0|3.0|
||2018|2.0|2.0|5.0|6.0|5.0|3.0|2.0|2.0|4.0|5.0|5.0|4.0|
||2019|4.0|3.0|4.0|3.0|3.0|2.0|1.0|1.0|3.0|3.0|4.0|2.0|
||2020|5.0|7.0|7.0|7.0|7.0|7.0|5.0|3.0|4.0|6.0|7.0||
|2. (15-24) ve 23. (İlköğretim) ve 6. (Kendi İşini Kurmak İstiyor)|2014|5.0|7.0|5.0|4.0|3.0|4.0|6.0|9.0|8.0|7.0|9.0|11.0|
||2015|16.0|13.0|12.0|9.0|12.0|12.0|11.0|9.0|11.0|10.0|11.0|10.0|
||2016|11.0|6.0|6.0|5.0|5.0|9.0|10.0|11.0|9.0|9.0|8.0|9.0|
||2017|7.0|6.0|2.0|4.0|4.0|7.0|5.0|4.0|3.0|3.0|3.0|3.0|
||2018|3.0|3.0|5.0|4.0|5.0|2.0|1.0|0.0|1.0|2.0|4.0|4.0|
||2019|5.0|7.0|9.0|7.0|5.0|3.0|5.0|7.0|7.0|7.0|5.0|3.0|
||2020|2.0|2.0|2.0|2.0|2.0|2.0|2.0|2.0|4.0|6.0|5.0||
|2. (15-24) ve 23. (İlköğretim) ve 7. (İş Bulmuş, Başlamak İçin Bekliyor)|2014|7.0|6.0|4.0|3.0|4.0|6.0|7.0|6.0|7.0|6.0|8.0|7.0|
||2015|9.0|7.0|5.0|2.0|2.0|2.0|3.0|4.0|6.0|7.0|5.0|5.0|
||2016|5.0|6.0|6.0|6.0|4.0|4.0|3.0|3.0|0.0|0.0|1.0|4.0|
||2017|5.0|7.0|7.0|6.0|4.0|0.0|1.0|2.0|4.0|3.0|2.0|1.0|
||2018|4.0|7.0|8.0|8.0|9.0|7.0|4.0|2.0|3.0|3.0|3.0|3.0|
||2019|3.0|2.0|0.0|0.0|-9.93E8|-9.93E8|2.0|2.0|4.0|1.0|2.0|2.0|
||2020|3.0|3.0|2.0|1.0|2.0|2.0|4.0|3.0|4.0|2.0|3.0||
|2. (15-24) ve 24. (Ortaokul Veya Dengi Meslek Ortaokul) ve 1. (Tam Zamanlı)|2014|7.0|8.0|9.0|9.0|8.0|14.0|18.0|21.0|16.0|16.0|20.0|21.0|
||2015|28.0|26.0|31.0|31.0|36.0|52.0|63.0|66.0|61.0|55.0|56.0|62.0|
||2016|63.0|59.0|52.0|61.0|98.0|116.0|118.0|88.0|76.0|81.0|88.0|110.0|
||2017|111.0|109.0|94.0|93.0|125.0|145.0|172.0|142.0|123.0|100.0|99.0|109.0|
||2018|115.0|113.0|104.0|119.0|160.0|185.0|187.0|162.0|155.0|158.0|174.0|192.0|
||2019|214.0|209.0|196.0|193.0|237.0|257.0|288.0|243.0|223.0|199.0|209.0|238.0|
||2020|244.0|250.0|224.0|206.0|201.0|238.0|258.0|241.0|203.0|190.0|209.0||
|2. (15-24) ve 24. (Ortaokul Veya Dengi Meslek Ortaokul) ve 2. (Tam Zamanlı, Ancak Bulamazsa Yarı Zamanlı Olabilir)|2014|1.0|1.0|0.0|0.0|1.0|1.0|0.0|1.0|1.0|1.0|1.0|0.0|
||2015|0.0|-9.93E8|-9.93E8|1.0|2.0|4.0|3.0|2.0|-9.93E8|-9.93E8|2.0|2.0|
||2016|2.0|1.0|2.0|4.0|5.0|10.0|9.0|9.0|2.0|4.0|5.0|8.0|
||2017|8.0|9.0|8.0|10.0|11.0|11.0|10.0|7.0|7.0|3.0|5.0|4.0|
||2018|4.0|5.0|5.0|5.0|7.0|8.0|9.0|5.0|6.0|4.0|5.0|6.0|
||2019|6.0|8.0|4.0|5.0|3.0|8.0|13.0|11.0|7.0|4.0|10.0|13.0|
||2020|10.0|4.0|2.0|5.0|6.0|4.0|4.0|2.0|3.0|5.0|6.0||
|2. (15-24) ve 24. (Ortaokul Veya Dengi Meslek Ortaokul) ve 3. (Yarı Zamanlı)|2014|2.0|2.0|2.0|-9.93E8|-9.93E8|-9.93E8|0.0|0.0|1.0|1.0|1.0|-9.93E8|
||2015|-9.93E8|-9.93E8|-9.93E8|-9.93E8|-9.93E8|1.0|2.0|2.0|3.0|3.0|4.0|4.0|
||2016|3.0|4.0|2.0|2.0|3.0|3.0|4.0|2.0|1.0|1.0|1.0|3.0|
||2017|3.0|5.0|5.0|7.0|7.0|8.0|5.0|3.0|2.0|3.0|4.0|3.0|
||2018|9.0|15.0|17.0|13.0|7.0|8.0|6.0|4.0|3.0|2.0|2.0|3.0|
||2019|2.0|4.0|3.0|4.0|3.0|7.0|9.0|8.0|4.0|1.0|1.0|2.0|
||2020|3.0|4.0|4.0|4.0|6.0|7.0|8.0|9.0|10.0|13.0|10.0||
|2. (15-24) ve 24. (Ortaokul Veya Dengi Meslek Ortaokul) ve 4. (Yarı Zamanlı, Ancak Bulamazsa Tam Zamanlı Olabilir)|2014|-9.93E8|-9.93E8|-9.93E8|-9.93E8|-9.93E8|-9.93E8|-9.93E8||||-9.93E8|-9.93E8|
||2015|-9.93E8|-9.93E8|-9.93E8|||||-9.93E8|-9.93E8|-9.93E8|-9.93E8|-9.93E8|
||2016|-9.93E8|-9.93E8||1.0|1.0|1.0|0.0|-9.93E8|0.0|0.0|0.0|-9.93E8|
||2017|||-9.93E8|1.0|1.0|1.0|-9.93E8|-9.93E8|-9.93E8|-9.93E8|-9.93E8|-9.93E8|
||2018|-9.93E8|-9.93E8||-9.93E8|-9.93E8|-9.93E8|||-9.93E8|-9.93E8|-9.93E8|0.0|
||2019|0.0|0.0|1.0|1.0|1.0|-9.93E8|-9.93E8|-9.93E8|||||
||2020|||2.0|2.0|2.0|-9.93E8|-9.93E8|-9.93E8|-9.93E8|-9.93E8|2.0||
|2. (15-24) ve 24. (Ortaokul Veya Dengi Meslek Ortaokul) ve 5. (Tam Zamanlı Veya Yarı Zamanlı Farketmez)|2014|1.0|2.0|2.0|2.0|1.0|1.0|0.0|-9.93E8|0.0|0.0|0.0|1.0|
||2015|1.0|1.0|0.0|0.0|2.0|3.0|4.0|2.0|1.0|0.0|0.0|0.0|
||2016|0.0|0.0|-9.93E8|-9.93E8|2.0|10.0|12.0|11.0|3.0|1.0|1.0|0.0|
||2017|-9.93E8|-9.93E8|-9.93E8|1.0|1.0|1.0|1.0|1.0|3.0|4.0|5.0|5.0|
||2018|4.0|3.0|2.0|1.0|5.0|5.0|11.0|9.0|9.0|4.0|3.0|5.0|
||2019|4.0|6.0|4.0|6.0|4.0|5.0|4.0|5.0|3.0|3.0|2.0|2.0|
||2020|4.0|3.0|9.0|16.0|24.0|25.0|20.0|13.0|7.0|7.0|9.0||
|2. (15-24) ve 24. (Ortaokul Veya Dengi Meslek Ortaokul) ve 6. (Kendi İşini Kurmak İstiyor)|2014|-9.93E8|-9.93E8|-9.93E8|-9.93E8|-9.93E8|-9.93E8|-9.93E8|1.0|1.0|1.0|-9.93E8|-9.93E8|
||2015|-9.93E8|1.0|2.0|2.0|1.0|-9.93E8|-9.93E8|-9.93E8|1.0|1.0|1.0|0.0|
||2016|0.0|-9.93E8|0.0|0.0|0.0|0.0|0.0|1.0|2.0|2.0|1.0|-9.93E8|
||2017|1.0|1.0|2.0|2.0|4.0|3.0|2.0|-9.93E8|-9.93E8|-9.93E8|1.0|1.0|
||2018|1.0|-9.93E8|-9.93E8|1.0|1.0|1.0|1.0|2.0|2.0|3.0|2.0|2.0|
||2019|1.0|2.0|4.0|3.0|4.0|4.0|4.0|3.0|3.0|6.0|5.0|3.0|
||2020|0.0|1.0|1.0|2.0|2.0|5.0|5.0|5.0|3.0|4.0|8.0||
|2. (15-24) ve 24. (Ortaokul Veya Dengi Meslek Ortaokul) ve 7. (İş Bulmuş, Başlamak İçin Bekliyor)|2014|-9.93E8|-9.93E8|-9.93E8|-9.93E8|-9.93E8|-9.93E8|0.0|0.0|0.0|1.0|1.0|1.0|
||2015|-9.93E8|-9.93E8|-9.93E8|-9.93E8|-9.93E8|1.0|1.0|1.0|-9.93E8|-9.93E8|-9.93E8|2.0|
||2016|1.0|2.0|1.0|1.0|1.0|1.0|2.0|2.0|3.0|3.0|3.0|2.0|
||2017|2.0|3.0|4.0|3.0|2.0|1.0|1.0|2.0|2.0|2.0|0.0|1.0|
||2018|2.0|1.0|2.0|2.0|6.0|7.0|9.0|7.0|6.0|2.0|-9.93E8|-9.93E8|
||2019|1.0|1.0|4.0|9.0|11.0|9.0|8.0|9.0|9.0|4.0|1.0|1.0|
||2020|1.0|1.0|2.0|3.0|5.0|5.0|5.0|4.0|2.0|4.0|4.0||
|2. (15-24) ve 31. (Genel Lise) ve 1. (Tam Zamanlı)|2014|78.0|73.0|74.0|74.0|94.0|104.0|115.0|95.0|80.0|68.0|78.0|79.0|
||2015|93.0|98.0|92.0|85.0|90.0|120.0|122.0|118.0|91.0|86.0|75.0|87.0|
||2016|91.0|88.0|80.0|82.0|107.0|124.0|115.0|101.0|90.0|91.0|94.0|93.0|
||2017|96.0|94.0|99.0|106.0|128.0|142.0|133.0|106.0|80.0|71.0|84.0|95.0|
||2018|103.0|83.0|72.0|78.0|102.0|136.0|132.0|116.0|102.0|107.0|121.0|126.0|
||2019|127.0|131.0|124.0|123.0|137.0|169.0|189.0|181.0|149.0|142.0|128.0|120.0|
||2020|116.0|107.0|114.0|97.0|111.0|142.0|161.0|175.0|137.0|143.0|127.0||
|2. (15-24) ve 31. (Genel Lise) ve 2. (Tam Zamanlı, Ancak Bulamazsa Yarı Zamanlı Olabilir)|2014|4.0|3.0|3.0|2.0|4.0|4.0|5.0|3.0|3.0|3.0|4.0|3.0|
||2015|1.0|1.0|1.0|3.0|2.0|4.0|5.0|5.0|6.0|3.0|2.0|3.0|
||2016|5.0|6.0|2.0|2.0|2.0|4.0|5.0|6.0|5.0|5.0|4.0|5.0|
||2017|5.0|4.0|3.0|5.0|8.0|9.0|9.0|11.0|8.0|7.0|5.0|6.0|
||2018|5.0|2.0|4.0|4.0|5.0|4.0|3.0|2.0|1.0|1.0|1.0|2.0|
||2019|2.0|3.0|1.0|3.0|6.0|7.0|9.0|7.0|6.0|3.0|2.0|2.0|
||2020|2.0|2.0|1.0|2.0|1.0|2.0|4.0|6.0|6.0|8.0|7.0||
|2. (15-24) ve 31. (Genel Lise) ve 3. (Yarı Zamanlı)|2014|14.0|16.0|13.0|12.0|9.0|9.0|7.0|9.0|10.0|15.0|14.0|13.0|
||2015|16.0|18.0|21.0|12.0|13.0|6.0|7.0|8.0|13.0|18.0|19.0|18.0|
||2016|17.0|19.0|18.0|15.0|10.0|8.0|10.0|10.0|15.0|18.0|24.0|19.0|
||2017|23.0|22.0|23.0|15.0|12.0|13.0|13.0|15.0|25.0|24.0|24.0|18.0|
||2018|20.0|19.0|17.0|12.0|9.0|5.0|6.0|7.0|16.0|25.0|24.0|24.0|
||2019|24.0|27.0|20.0|15.0|11.0|16.0|19.0|21.0|19.0|23.0|26.0|29.0|
||2020|24.0|22.0|11.0|9.0|8.0|11.0|12.0|13.0|20.0|19.0|19.0||
|2. (15-24) ve 31. (Genel Lise) ve 4. (Yarı Zamanlı, Ancak Bulamazsa Tam Zamanlı Olabilir)|2014|-9.93E8|-9.93E8|1.0|1.0|3.0|1.0|1.0||||-9.93E8|-9.93E8|
||2015|-9.93E8|-9.93E8|-9.93E8|||||-9.93E8|0.0|0.0|0.0|1.0|
||2016|1.0|1.0||-9.93E8|-9.93E8|-9.93E8|-9.93E8|-9.93E8|-9.93E8|2.0|2.0|2.0|
||2017|||0.0|0.0|0.0|-9.93E8|-9.93E8|0.0|0.0|1.0|0.0|1.0|
||2018|1.0|1.0||1.0|1.0|1.0|||2.0|2.0|2.0|-9.93E8|
||2019|-9.93E8|-9.93E8|-9.93E8|-9.93E8|-9.93E8|1.0|1.0|1.0|||||
||2020|||1.0|1.0|1.0|0.0|0.0|-9.93E8|-9.93E8|-9.93E8|-9.93E8||
|2. (15-24) ve 31. (Genel Lise) ve 5. (Tam Zamanlı Veya Yarı Zamanlı Farketmez)|2014|3.0|4.0|5.0|3.0|3.0|2.0|2.0|2.0|2.0|3.0|4.0|3.0|
||2015|4.0|3.0|3.0|2.0|2.0|4.0|5.0|5.0|3.0|1.0|1.0|1.0|
||2016|4.0|2.0|2.0|1.0|2.0|4.0|4.0|3.0|3.0|1.0|1.0|0.0|
||2017|0.0|-9.93E8|0.0|2.0|2.0|4.0|3.0|3.0|1.0|1.0|2.0|2.0|
||2018|1.0|2.0|2.0|3.0|4.0|6.0|7.0|6.0|3.0|2.0|0.0|1.0|
||2019|0.0|1.0|2.0|3.0|3.0|2.0|1.0|2.0|1.0|1.0|0.0|1.0|
||2020|2.0|3.0|4.0|10.0|12.0|12.0|6.0|8.0|9.0|8.0|8.0||
|2. (15-24) ve 31. (Genel Lise) ve 6. (Kendi İşini Kurmak İstiyor)|2014|1.0|2.0|3.0|3.0|2.0|1.0|0.0|0.0|-9.93E8|1.0|1.0|4.0|
||2015|5.0|6.0|3.0|2.0|2.0|2.0|2.0|1.0|2.0|2.0|2.0|0.0|
||2016|1.0|1.0|2.0|1.0|2.0|2.0|2.0|1.0|-9.93E8|-9.93E8|0.0|0.0|
||2017|2.0|2.0|4.0|4.0|5.0|3.0|2.0|1.0|1.0|1.0|1.0|1.0|
||2018|2.0|4.0|5.0|3.0|1.0|3.0|3.0|3.0|1.0|1.0|2.0|2.0|
||2019|2.0|1.0|2.0|4.0|5.0|4.0|5.0|6.0|6.0|3.0|1.0|-9.93E8|
||2020|1.0|2.0|5.0|6.0|5.0|2.0|0.0|3.0|5.0|6.0|3.0||
|2. (15-24) ve 31. (Genel Lise) ve 7. (İş Bulmuş, Başlamak İçin Bekliyor)|2014|4.0|2.0|0.0|-9.93E8|4.0|4.0|4.0|2.0|2.0|1.0|1.0|2.0|
||2015|2.0|1.0|-9.93E8|0.0|3.0|4.0|5.0|6.0|4.0|5.0|1.0|1.0|
||2016|2.0|2.0|4.0|4.0|4.0|2.0|1.0|2.0|1.0|3.0|4.0|4.0|
||2017|4.0|3.0|2.0|1.0|3.0|3.0|4.0|3.0|3.0|1.0|-9.93E8|2.0|
||2018|2.0|4.0|4.0|5.0|5.0|4.0|4.0|2.0|0.0|0.0|0.0|0.0|
||2019|1.0|1.0|4.0|3.0|4.0|4.0|3.0|3.0|4.0|4.0|3.0|0.0|
||2020|1.0|1.0|3.0|2.0|2.0|3.0|3.0|3.0|1.0|1.0|3.0||
|2. (15-24) ve 32. (Lise Dengi Mesleki Okul) ve 1. (Tam Zamanlı)|2014|85.0|83.0|80.0|82.0|93.0|112.0|128.0|127.0|123.0|122.0|118.0|123.0|
||2015|110.0|112.0|106.0|97.0|101.0|103.0|116.0|118.0|123.0|121.0|115.0|109.0|
||2016|107.0|110.0|107.0|103.0|118.0|131.0|149.0|148.0|150.0|163.0|185.0|182.0|
||2017|178.0|148.0|153.0|142.0|159.0|173.0|192.0|197.0|192.0|161.0|153.0|146.0|
||2018|154.0|135.0|126.0|128.0|140.0|171.0|186.0|222.0|213.0|215.0|213.0|224.0|
||2019|249.0|250.0|247.0|220.0|210.0|251.0|275.0|287.0|254.0|254.0|240.0|235.0|
||2020|207.0|198.0|180.0|180.0|181.0|203.0|214.0|236.0|215.0|218.0|206.0||
|2. (15-24) ve 32. (Lise Dengi Mesleki Okul) ve 2. (Tam Zamanlı, Ancak Bulamazsa Yarı Zamanlı Olabilir)|2014|2.0|4.0|3.0|3.0|3.0|5.0|6.0|5.0|3.0|6.0|6.0|6.0|
||2015|2.0|1.0|2.0|1.0|1.0|1.0|3.0|2.0|3.0|2.0|3.0|4.0|
||2016|3.0|3.0|4.0|6.0|6.0|7.0|6.0|7.0|9.0|11.0|11.0|6.0|
||2017|7.0|8.0|8.0|10.0|8.0|9.0|5.0|3.0|5.0|6.0|8.0|5.0|
||2018|6.0|9.0|10.0|6.0|2.0|1.0|6.0|11.0|12.0|12.0|6.0|4.0|
||2019|2.0|4.0|4.0|4.0|3.0|6.0|8.0|7.0|9.0|12.0|13.0|8.0|
||2020|5.0|5.0|6.0|5.0|7.0|7.0|6.0|7.0|6.0|8.0|9.0||
|2. (15-24) ve 32. (Lise Dengi Mesleki Okul) ve 3. (Yarı Zamanlı)|2014|4.0|5.0|4.0|3.0|3.0|3.0|2.0|4.0|5.0|6.0|5.0|3.0|
||2015|6.0|8.0|10.0|7.0|3.0|3.0|2.0|3.0|7.0|11.0|9.0|6.0|
||2016|8.0|13.0|12.0|7.0|3.0|5.0|7.0|9.0|14.0|14.0|16.0|12.0|
||2017|13.0|14.0|17.0|17.0|11.0|5.0|2.0|3.0|6.0|7.0|12.0|11.0|
||2018|15.0|15.0|16.0|13.0|9.0|5.0|0.0|2.0|5.0|8.0|11.0|10.0|
||2019|11.0|9.0|10.0|9.0|7.0|4.0|4.0|6.0|7.0|12.0|16.0|17.0|
||2020|14.0|8.0|5.0|2.0|2.0|3.0|2.0|7.0|8.0|12.0|8.0||
|2. (15-24) ve 32. (Lise Dengi Mesleki Okul) ve 4. (Yarı Zamanlı, Ancak Bulamazsa Tam Zamanlı Olabilir)|2014|-9.93E8|-9.93E8|-9.93E8|-9.93E8|-9.93E8|-9.93E8|-9.93E8||||-9.93E8|-9.93E8|
||2015|-9.93E8|-9.93E8|-9.93E8|||||-9.93E8|-9.93E8|-9.93E8|1.0|0.0|
||2016|0.0|-9.93E8||-9.93E8|-9.93E8|-9.93E8|-9.93E8|-9.93E8|-9.93E8|-9.93E8|-9.93E8|-9.93E8|
||2017|||-9.93E8|-9.93E8|-9.93E8|-9.93E8|-9.93E8|-9.93E8|-9.93E8|-9.93E8|-9.93E8|-9.93E8|
||2018|-9.93E8|-9.93E8||-9.93E8|-9.93E8|-9.93E8|||-9.93E8|-9.93E8|-9.93E8|-9.93E8|
||2019|-9.93E8|-9.93E8|-9.93E8|-9.93E8|1.0|1.0|1.0|-9.93E8|||||
||2020|||-9.93E8|-9.93E8|-9.93E8|-9.93E8|-9.93E8|-9.93E8|-9.93E8|-9.93E8|1.0||
|2. (15-24) ve 32. (Lise Dengi Mesleki Okul) ve 5. (Tam Zamanlı Veya Yarı Zamanlı Farketmez)|2014|3.0|3.0|4.0|3.0|3.0|2.0|3.0|2.0|3.0|6.0|7.0|7.0|
||2015|5.0|4.0|3.0|3.0|3.0|1.0|2.0|2.0|3.0|2.0|1.0|1.0|
||2016|1.0|1.0|1.0|3.0|2.0|4.0|3.0|3.0|1.0|1.0|2.0|2.0|
||2017|2.0|1.0|1.0|-9.93E8|1.0|2.0|4.0|3.0|3.0|2.0|2.0|1.0|
||2018|1.0|1.0|1.0|0.0|1.0|0.0|1.0|0.0|2.0|3.0|3.0|3.0|
||2019|4.0|5.0|4.0|2.0|2.0|3.0|3.0|2.0|1.0|0.0|1.0|1.0|
||2020|5.0|7.0|10.0|8.0|12.0|13.0|14.0|12.0|12.0|13.0|14.0||
|2. (15-24) ve 32. (Lise Dengi Mesleki Okul) ve 6. (Kendi İşini Kurmak İstiyor)|2014|2.0|2.0|0.0|1.0|1.0|3.0|6.0|6.0|5.0|2.0|2.0|3.0|
||2015|3.0|5.0|4.0|4.0|2.0|1.0|3.0|2.0|2.0|1.0|2.0|2.0|
||2016|3.0|3.0|2.0|2.0|2.0|2.0|2.0|2.0|4.0|3.0|3.0|1.0|
||2017|2.0|2.0|4.0|8.0|11.0|9.0|6.0|3.0|4.0|2.0|3.0|2.0|
||2018|3.0|3.0|4.0|4.0|3.0|2.0|2.0|2.0|1.0|1.0|4.0|4.0|
||2019|7.0|5.0|4.0|1.0|2.0|3.0|4.0|2.0|4.0|5.0|6.0|6.0|
||2020|4.0|4.0|3.0|4.0|3.0|3.0|5.0|4.0|5.0|4.0|6.0||
|2. (15-24) ve 32. (Lise Dengi Mesleki Okul) ve 7. (İş Bulmuş, Başlamak İçin Bekliyor)|2014|1.0|2.0|3.0|5.0|5.0|5.0|4.0|5.0|4.0|3.0|3.0|3.0|
||2015|2.0|-9.93E8|1.0|1.0|1.0|2.0|4.0|3.0|4.0|3.0|4.0|2.0|
||2016|1.0|1.0|-9.93E8|1.0|1.0|2.0|1.0|5.0|5.0|6.0|3.0|4.0|
||2017|5.0|3.0|1.0|2.0|3.0|3.0|4.0|2.0|5.0|3.0|3.0|2.0|
||2018|2.0|5.0|5.0|6.0|6.0|4.0|3.0|3.0|3.0|5.0|6.0|5.0|
||2019|4.0|3.0|4.0|6.0|5.0|6.0|5.0|6.0|8.0|7.0|6.0|3.0|
||2020|5.0|4.0|3.0|2.0|4.0|5.0|5.0|5.0|4.0|4.0|3.0||
|2. (15-24) ve 4. (Yüksek Öğretim) ve 1. (Tam Zamanlı)|2014|136.0|123.0|118.0|108.0|108.0|146.0|199.0|258.0|272.0|259.0|233.0|210.0|
||2015|196.0|181.0|173.0|168.0|175.0|204.0|237.0|265.0|267.0|250.0|216.0|203.0|
||2016|193.0|191.0|169.0|166.0|186.0|228.0|265.0|301.0|319.0|323.0|310.0|310.0|
||2017|301.0|297.0|276.0|261.0|248.0|291.0|327.0|345.0|327.0|305.0|284.0|254.0|
||2018|225.0|216.0|197.0|194.0|202.0|239.0|301.0|339.0|346.0|339.0|322.0|332.0|
||2019|316.0|310.0|298.0|284.0|280.0|302.0|377.0|426.0|409.0|353.0|311.0|294.0|
||2020|283.0|254.0|240.0|220.0|230.0|266.0|299.0|333.0|335.0|335.0|336.0||
|2. (15-24) ve 4. (Yüksek Öğretim) ve 2. (Tam Zamanlı, Ancak Bulamazsa Yarı Zamanlı Olabilir)|2014|2.0|1.0|1.0|1.0|1.0|2.0|3.0|5.0|5.0|3.0|3.0|3.0|
||2015|5.0|5.0|5.0|2.0|2.0|1.0|2.0|1.0|2.0|1.0|1.0|1.0|
||2016|3.0|3.0|3.0|2.0|4.0|4.0|5.0|3.0|6.0|8.0|12.0|11.0|
||2017|15.0|13.0|11.0|7.0|8.0|8.0|12.0|11.0|11.0|6.0|5.0|5.0|
||2018|6.0|5.0|5.0|5.0|5.0|6.0|3.0|3.0|1.0|1.0|2.0|2.0|
||2019|1.0|-9.93E8|-9.93E8|0.0|0.0|3.0|5.0|6.0|9.0|7.0|9.0|5.0|
||2020|6.0|5.0|4.0|4.0|4.0|4.0|4.0|5.0|9.0|11.0|10.0||
|2. (15-24) ve 4. (Yüksek Öğretim) ve 3. (Yarı Zamanlı)|2014|2.0|1.0|2.0|2.0|2.0|1.0|1.0|1.0|1.0|1.0|1.0|2.0|
||2015|2.0|2.0|1.0|1.0|1.0|1.0|-9.93E8|-9.93E8|1.0|5.0|5.0|4.0|
||2016|-9.93E8|-9.93E8|-9.93E8|-9.93E8|-9.93E8|1.0|3.0|4.0|2.0|3.0|2.0|2.0|
||2017|2.0|2.0|4.0|3.0|3.0|1.0|0.0|1.0|2.0|3.0|2.0|2.0|
||2018|2.0|2.0|2.0|1.0|-9.93E8|0.0|0.0|0.0|2.0|5.0|6.0|5.0|
||2019|5.0|3.0|2.0|1.0|1.0|1.0|-9.93E8|2.0|3.0|3.0|3.0|4.0|
||2020|5.0|3.0|-9.93E8|-9.93E8|-9.93E8|1.0|1.0|2.0|2.0|3.0|4.0||
|2. (15-24) ve 4. (Yüksek Öğretim) ve 4. (Yarı Zamanlı, Ancak Bulamazsa Tam Zamanlı Olabilir)|2014|-9.93E8|-9.93E8|-9.93E8|-9.93E8|-9.93E8|-9.93E8|-9.93E8||||-9.93E8|-9.93E8|
||2015|-9.93E8|-9.93E8|-9.93E8|||||-9.93E8|-9.93E8|-9.93E8|-9.93E8|1.0|
||2016|1.0|1.0||-9.93E8|-9.93E8|-9.93E8|-9.93E8|-9.93E8|-9.93E8|-9.93E8|-9.93E8|-9.93E8|
||2017|||-9.93E8|-9.93E8|-9.93E8|1.0|1.0|1.0|0.0|0.0|-9.93E8|-9.93E8|
||2018|-9.93E8|-9.93E8||-9.93E8|-9.93E8|-9.93E8|||-9.93E8|-9.93E8|-9.93E8|-9.93E8|
||2019|-9.93E8|-9.93E8|-9.93E8|-9.93E8|-9.93E8|-9.93E8|-9.93E8|-9.93E8|||||
||2020|||-9.93E8|-9.93E8|-9.93E8|-9.93E8|-9.93E8|-9.93E8|-9.93E8|-9.93E8|-9.93E8||
|2. (15-24) ve 4. (Yüksek Öğretim) ve 5. (Tam Zamanlı Veya Yarı Zamanlı Farketmez)|2014|4.0|3.0|3.0|2.0|1.0|1.0|4.0|5.0|5.0|4.0|6.0|6.0|
||2015|5.0|2.0|1.0|1.0|1.0|2.0|2.0|3.0|2.0|2.0|2.0|1.0|
||2016|1.0|1.0|1.0|1.0|1.0|2.0|2.0|1.0|-9.93E8|-9.93E8|-9.93E8|1.0|
||2017|1.0|1.0|1.0|1.0|1.0|2.0|1.0|1.0|0.0|1.0|1.0|0.0|
||2018|-9.93E8|0.0|0.0|0.0|0.0|0.0|1.0|1.0|4.0|4.0|4.0|2.0|
||2019|2.0|3.0|3.0|2.0|2.0|3.0|3.0|3.0|2.0|4.0|3.0|3.0|
||2020|3.0|4.0|6.0|11.0|14.0|14.0|12.0|12.0|14.0|16.0|12.0||
|2. (15-24) ve 4. (Yüksek Öğretim) ve 6. (Kendi İşini Kurmak İstiyor)|2014|2.0|2.0|3.0|3.0|4.0|7.0|7.0|10.0|7.0|6.0|5.0|8.0|
||2015|8.0|6.0|5.0|6.0|5.0|5.0|6.0|7.0|6.0|6.0|4.0|5.0|
||2016|3.0|3.0|2.0|2.0|3.0|3.0|5.0|4.0|4.0|5.0|8.0|8.0|
||2017|7.0|5.0|3.0|1.0|1.0|3.0|7.0|6.0|8.0|3.0|5.0|2.0|
||2018|4.0|3.0|3.0|2.0|2.0|2.0|2.0|3.0|5.0|6.0|4.0|4.0|
||2019|7.0|9.0|6.0|3.0|3.0|4.0|6.0|7.0|5.0|8.0|7.0|9.0|
||2020|5.0|5.0|3.0|2.0|2.0|2.0|7.0|8.0|11.0|8.0|10.0||
|2. (15-24) ve 4. (Yüksek Öğretim) ve 7. (İş Bulmuş, Başlamak İçin Bekliyor)|2014|2.0|5.0|7.0|5.0|2.0|3.0|5.0|5.0|2.0|1.0|2.0|3.0|
||2015|3.0|4.0|5.0|4.0|4.0|5.0|8.0|8.0|6.0|4.0|3.0|4.0|
||2016|6.0|5.0|5.0|4.0|6.0|5.0|6.0|6.0|6.0|5.0|6.0|8.0|
||2017|7.0|5.0|4.0|3.0|7.0|8.0|11.0|13.0|14.0|11.0|7.0|4.0|
||2018|4.0|2.0|3.0|2.0|4.0|6.0|11.0|12.0|13.0|8.0|6.0|3.0|
||2019|6.0|9.0|9.0|8.0|4.0|7.0|7.0|6.0|2.0|-9.93E8|1.0|2.0|
||2020|5.0|5.0|5.0|7.0|8.0|7.0|6.0|7.0|10.0|9.0|5.0||
|3. (15-64) ve 1. (Okuma Yazma Bilmeyen) ve 1. (Tam Zamanlı)|2014|62.0|62.0|59.0|50.0|46.0|43.0|49.0|50.0|63.0|71.0|72.0|66.0|
||2015|59.0|53.0|50.0|39.0|40.0|42.0|47.0|51.0|56.0|55.0|54.0|58.0|
||2016|64.0|63.0|47.0|38.0|37.0|42.0|41.0|40.0|42.0|50.0|62.0|72.0|
||2017|72.0|69.0|52.0|53.0|43.0|51.0|44.0|49.0|47.0|50.0|58.0|61.0|
||2018|72.0|58.0|55.0|46.0|41.0|43.0|47.0|62.0|60.0|54.0|54.0|71.0|
||2019|107.0|122.0|114.0|93.0|72.0|70.0|67.0|72.0|69.0|67.0|61.0|78.0|
||2020|93.0|90.0|73.0|50.0|53.0|50.0|52.0|49.0|53.0|56.0|53.0||
|3. (15-64) ve 1. (Okuma Yazma Bilmeyen) ve 2. (Tam Zamanlı, Ancak Bulamazsa Yarı Zamanlı Olabilir)|2014|3.0|6.0|12.0|15.0|13.0|7.0|3.0|3.0|3.0|6.0|6.0|3.0|
||2015|3.0|3.0|3.0|3.0|2.0|2.0|0.0|1.0|2.0|1.0|3.0|4.0|
||2016|6.0|6.0|4.0|2.0|1.0|1.0|0.0|2.0|3.0|4.0|3.0|5.0|
||2017|6.0|6.0|4.0|4.0|6.0|6.0|5.0|5.0|5.0|5.0|2.0|1.0|
||2018|0.0|1.0|1.0|1.0|1.0|1.0|2.0|2.0|1.0|2.0|2.0|3.0|
||2019|3.0|5.0|3.0|4.0|1.0|1.0|1.0|1.0|1.0|1.0|1.0|2.0|
||2020|3.0|2.0|2.0|3.0|2.0|3.0|3.0|5.0|3.0|3.0|3.0||
|3. (15-64) ve 1. (Okuma Yazma Bilmeyen) ve 3. (Yarı Zamanlı)|2014|1.0|0.0|0.0|0.0|-9.93E8|1.0|1.0|2.0|1.0|1.0|-9.93E8|-9.93E8|
||2015|-9.93E8|-9.93E8|-9.93E8|0.0|1.0|1.0|1.0|0.0|2.0|1.0|1.0|0.0|
||2016|-9.93E8|2.0|2.0|2.0|1.0|1.0|-9.93E8|2.0|2.0|2.0|-9.93E8|-9.93E8|
||2017|-9.93E8|1.0|1.0|1.0|-9.93E8|-9.93E8|1.0|1.0|1.0|0.0|0.0|1.0|
||2018|1.0|1.0|-9.93E8|1.0|1.0|1.0|1.0|1.0|1.0|-9.93E8|-9.93E8|3.0|
||2019|3.0|3.0|1.0|1.0|1.0|1.0|0.0|1.0|1.0|1.0|1.0|1.0|
||2020|1.0|0.0|1.0|2.0|2.0|1.0|1.0|1.0|1.0|-9.93E8|-9.93E8||
|3. (15-64) ve 1. (Okuma Yazma Bilmeyen) ve 4. (Yarı Zamanlı, Ancak Bulamazsa Tam Zamanlı Olabilir)|2014|-9.93E8|-9.93E8|-9.93E8|-9.93E8|-9.93E8|-9.93E8|1.0|1.0|2.0|1.0|1.0|-9.93E8|
||2015|-9.93E8|-9.93E8|-9.93E8|-9.93E8|-9.93E8|-9.93E8|-9.93E8|-9.93E8|-9.93E8|-9.93E8|-9.93E8|-9.93E8|
||2016|-9.93E8|-9.93E8|-9.93E8|-9.93E8|-9.93E8|-9.93E8|1.0|1.0|1.0|-9.93E8|-9.93E8|-9.93E8|
||2017|-9.93E8|-9.93E8|-9.93E8|-9.93E8|-9.93E8|-9.93E8|1.0|1.0|1.0|-9.93E8|-9.93E8|-9.93E8|
||2018|-9.93E8|-9.93E8|-9.93E8|-9.93E8|-9.93E8|-9.93E8|-9.93E8|-9.93E8|-9.93E8|-9.93E8|-9.93E8|-9.93E8|
||2019|1.0|1.0|2.0|-9.93E8|-9.93E8|-9.93E8|-9.93E8|-9.93E8|-9.93E8|0.0|0.0|0.0|
||2020|-9.93E8|-9.93E8|-9.93E8|-9.93E8|-9.93E8|-9.93E8|-9.93E8|-9.93E8|-9.93E8|-9.93E8|-9.93E8||
|3. (15-64) ve 1. (Okuma Yazma Bilmeyen) ve 5. (Tam Zamanlı Veya Yarı Zamanlı Farketmez)|2014|8.0|7.0|6.0|5.0|4.0|3.0|3.0|3.0|2.0|3.0|2.0|3.0|
||2015|3.0|2.0|4.0|2.0|3.0|1.0|3.0|3.0|3.0|2.0|3.0|3.0|
||2016|2.0|1.0|1.0|1.0|1.0|-9.93E8|-9.93E8|-9.93E8|-9.93E8|1.0|1.0|2.0|
||2017|2.0|5.0|4.0|3.0|-9.93E8|-9.93E8|1.0|1.0|1.0|0.0|0.0|0.0|
||2018|1.0|0.0|0.0|-9.93E8|-9.93E8|1.0|1.0|4.0|4.0|4.0|3.0|2.0|
||2019|4.0|6.0|8.0|5.0|2.0|1.0|1.0|1.0|1.0|3.0|2.0|2.0|
||2020|3.0|6.0|8.0|5.0|4.0|4.0|5.0|3.0|2.0|2.0|2.0||
|3. (15-64) ve 1. (Okuma Yazma Bilmeyen) ve 6. (Kendi İşini Kurmak İstiyor)|2014|1.0|1.0|-9.93E8|4.0|4.0|4.0|1.0|2.0|3.0|3.0|4.0|4.0|
||2015|5.0|3.0|2.0|0.0|-9.93E8|-9.93E8|1.0|1.0|1.0|-9.93E8|1.0|2.0|
||2016|4.0|2.0|2.0|1.0|1.0|1.0|1.0|2.0|2.0|1.0|1.0|1.0|
||2017|1.0|-9.93E8|-9.93E8|-9.93E8|-9.93E8|-9.93E8|2.0|2.0|2.0|-9.93E8|-9.93E8|0.0|
||2018|0.0|0.0|-9.93E8|-9.93E8|-9.93E8|-9.93E8|-9.93E8|0.0|0.0|1.0|1.0|1.0|
||2019|0.0|1.0|2.0|4.0|3.0|2.0|0.0|1.0|1.0|2.0|1.0|1.0|
||2020|2.0|2.0|2.0|-9.93E8|-9.93E8|1.0|1.0|2.0|1.0|0.0|0.0||
|3. (15-64) ve 1. (Okuma Yazma Bilmeyen) ve 7. (İş Bulmuş, Başlamak İçin Bekliyor)|2014|-9.93E8|-9.93E8|-9.93E8|-9.93E8|-9.93E8|-9.93E8|1.0|1.0|1.0|1.0|1.0|2.0|
||2015|2.0|1.0|-9.93E8|-9.93E8|-9.93E8|-9.93E8|-9.93E8|1.0|1.0|1.0|-9.93E8|1.0|
||2016|1.0|1.0|-9.93E8|-9.93E8|-9.93E8|-9.93E8|0.0|0.0|0.0|-9.93E8|-9.93E8|-9.93E8|
||2017|-9.93E8|-9.93E8|-9.93E8|-9.93E8|-9.93E8|-9.93E8|-9.93E8|-9.93E8|-9.93E8|-9.93E8|-9.93E8|-9.93E8|
||2018|-9.93E8|-9.93E8|-9.93E8|-9.93E8|-9.93E8|-9.93E8|-9.93E8|-9.93E8|-9.93E8|-9.93E8|-9.93E8|-9.93E8|
||2019|-9.93E8|-9.93E8|-9.93E8|-9.93E8|0.0|0.0|0.0|-9.93E8|-9.93E8|-9.93E8|-9.93E8|-9.93E8|
||2020|1.0|1.0|1.0|-9.93E8|-9.93E8|0.0|0.0|0.0|-9.93E8|-9.93E8|-9.93E8||
|3. (15-64) ve 21. (Okuma Yazma Bilen Fakat Bir Okul Bitirmeyen) ve 1. (Tam Zamanlı)|2014|126.0|127.0|121.0|115.0|96.0|97.0|92.0|90.0|101.0|102.0|120.0|105.0|
||2015|115.0|109.0|115.0|101.0|98.0|103.0|98.0|100.0|109.0|111.0|118.0|113.0|
||2016|123.0|109.0|113.0|105.0|107.0|107.0|109.0|113.0|96.0|112.0|118.0|133.0|
||2017|121.0|110.0|114.0|106.0|109.0|97.0|114.0|113.0|97.0|99.0|115.0|137.0|
||2018|142.0|131.0|111.0|103.0|97.0|104.0|104.0|102.0|107.0|114.0|127.0|140.0|
||2019|161.0|163.0|157.0|139.0|134.0|127.0|124.0|131.0|140.0|138.0|121.0|121.0|
||2020|129.0|145.0|151.0|131.0|118.0|104.0|112.0|109.0|96.0|96.0|109.0||
|3. (15-64) ve 21. (Okuma Yazma Bilen Fakat Bir Okul Bitirmeyen) ve 2. (Tam Zamanlı, Ancak Bulamazsa Yarı Zamanlı Olabilir)|2014|9.0|12.0|8.0|9.0|9.0|11.0|8.0|4.0|2.0|3.0|4.0|5.0|
||2015|4.0|4.0|4.0|4.0|7.0|4.0|5.0|4.0|5.0|4.0|7.0|9.0|
||2016|12.0|8.0|6.0|4.0|4.0|6.0|9.0|10.0|10.0|7.0|6.0|7.0|
||2017|7.0|8.0|6.0|5.0|7.0|7.0|7.0|4.0|4.0|4.0|3.0|3.0|
||2018|2.0|2.0|2.0|3.0|2.0|3.0|4.0|4.0|4.0|4.0|4.0|4.0|
||2019|2.0|4.0|5.0|6.0|3.0|5.0|3.0|6.0|7.0|7.0|6.0|4.0|
||2020|5.0|4.0|4.0|3.0|3.0|7.0|8.0|8.0|4.0|5.0|4.0||
|3. (15-64) ve 21. (Okuma Yazma Bilen Fakat Bir Okul Bitirmeyen) ve 3. (Yarı Zamanlı)|2014|1.0|1.0|1.0|1.0|1.0|1.0|1.0|1.0|-9.93E8|-9.93E8|0.0|0.0|
||2015|1.0|1.0|1.0|1.0|1.0|-9.93E8|-9.93E8|-9.93E8|-9.93E8|2.0|4.0|5.0|
||2016|5.0|3.0|2.0|1.0|-9.93E8|-9.93E8|-9.93E8|-9.93E8|1.0|2.0|2.0|1.0|
||2017|0.0|1.0|0.0|0.0|-9.93E8|-9.93E8|0.0|0.0|2.0|1.0|1.0|-9.93E8|
||2018|2.0|2.0|3.0|1.0|1.0|1.0|1.0|1.0|1.0|1.0|1.0|1.0|
||2019|4.0|4.0|4.0|3.0|3.0|5.0|3.0|5.0|5.0|8.0|5.0|3.0|
||2020|-9.93E8|1.0|2.0|3.0|3.0|1.0|1.0|1.0|2.0|2.0|4.0||
|3. (15-64) ve 21. (Okuma Yazma Bilen Fakat Bir Okul Bitirmeyen) ve 4. (Yarı Zamanlı, Ancak Bulamazsa Tam Zamanlı Olabilir)|2014|-9.93E8|1.0|1.0|1.0|-9.93E8|-9.93E8|-9.93E8|-9.93E8|-9.93E8|-9.93E8|-9.93E8|-9.93E8|
||2015|-9.93E8|-9.93E8|-9.93E8|-9.93E8|-9.93E8|-9.93E8|-9.93E8|-9.93E8|-9.93E8|-9.93E8|-9.93E8|-9.93E8|
||2016|-9.93E8|-9.93E8|-9.93E8|1.0|1.0|1.0|-9.93E8|1.0|1.0|1.0|0.0|-9.93E8|
||2017|-9.93E8|-9.93E8|-9.93E8|0.0|0.0|0.0|-9.93E8|-9.93E8|-9.93E8|-9.93E8|-9.93E8|-9.93E8|
||2018|-9.93E8|-9.93E8|-9.93E8|-9.93E8|-9.93E8|-9.93E8|-9.93E8|-9.93E8|-9.93E8|-9.93E8|-9.93E8|-9.93E8|
||2019|-9.93E8|-9.93E8|-9.93E8|-9.93E8|-9.93E8|-9.93E8|-9.93E8|-9.93E8|-9.93E8|-9.93E8|-9.93E8|-9.93E8|
||2020|-9.93E8|-9.93E8|-9.93E8|-9.93E8|-9.93E8|-9.93E8|-9.93E8|-9.93E8|-9.93E8|-9.93E8|-9.93E8||
|3. (15-64) ve 21. (Okuma Yazma Bilen Fakat Bir Okul Bitirmeyen) ve 5. (Tam Zamanlı Veya Yarı Zamanlı Farketmez)|2014|6.0|7.0|9.0|8.0|7.0|5.0|3.0|3.0|5.0|4.0|5.0|4.0|
||2015|5.0|4.0|3.0|3.0|3.0|4.0|4.0|5.0|6.0|5.0|5.0|3.0|
||2016|2.0|5.0|5.0|5.0|2.0|2.0|2.0|2.0|2.0|2.0|1.0|1.0|
||2017|1.0|3.0|4.0|4.0|5.0|3.0|3.0|0.0|1.0|3.0|4.0|3.0|
||2018|6.0|5.0|5.0|2.0|2.0|4.0|5.0|7.0|4.0|3.0|2.0|3.0|
||2019|3.0|4.0|3.0|3.0|2.0|4.0|6.0|5.0|2.0|2.0|1.0|2.0|
||2020|2.0|5.0|6.0|8.0|9.0|10.0|9.0|8.0|3.0|4.0|3.0||
|3. (15-64) ve 21. (Okuma Yazma Bilen Fakat Bir Okul Bitirmeyen) ve 6. (Kendi İşini Kurmak İstiyor)|2014|4.0|2.0|2.0|1.0|2.0|3.0|2.0|2.0|2.0|3.0|3.0|4.0|
||2015|3.0|3.0|2.0|2.0|3.0|3.0|2.0|3.0|6.0|8.0|5.0|3.0|
||2016|0.0|2.0|2.0|1.0|-9.93E8|1.0|1.0|1.0|0.0|1.0|1.0|2.0|
||2017|2.0|2.0|2.0|1.0|2.0|3.0|3.0|2.0|1.0|0.0|1.0|1.0|
||2018|1.0|0.0|-9.93E8|1.0|1.0|1.0|1.0|2.0|5.0|7.0|7.0|5.0|
||2019|6.0|9.0|9.0|8.0|4.0|5.0|5.0|7.0|5.0|3.0|1.0|3.0|
||2020|4.0|4.0|2.0|1.0|0.0|1.0|2.0|2.0|3.0|5.0|7.0||
|3. (15-64) ve 21. (Okuma Yazma Bilen Fakat Bir Okul Bitirmeyen) ve 7. (İş Bulmuş, Başlamak İçin Bekliyor)|2014|1.0|0.0|1.0|1.0|1.0|-9.93E8|1.0|1.0|1.0|2.0|2.0|3.0|
||2015|3.0|2.0|2.0|1.0|1.0|1.0|-9.93E8|1.0|3.0|3.0|2.0|-9.93E8|
||2016|1.0|0.0|3.0|4.0|4.0|2.0|0.0|2.0|2.0|1.0|-9.93E8|-9.93E8|
||2017|-9.93E8|-9.93E8|-9.93E8|-9.93E8|-9.93E8|1.0|1.0|1.0|1.0|0.0|0.0|-9.93E8|
||2018|1.0|2.0|3.0|3.0|3.0|2.0|1.0|-9.93E8|-9.93E8|-9.93E8|-9.93E8|-9.93E8|
||2019|2.0|2.0|2.0|-9.93E8|-9.93E8|-9.93E8|-9.93E8|-9.93E8|-9.93E8|2.0|2.0|2.0|
||2020|1.0|1.0|2.0|1.0|0.0|-9.93E8|-9.93E8|1.0|2.0|2.0|2.0||
|3. (15-64) ve 22. (İlkokul) ve 1. (Tam Zamanlı)|2014|679.0|673.0|631.0|566.0|537.0|543.0|590.0|624.0|639.0|625.0|635.0|682.0|
||2015|714.0|729.0|695.0|666.0|614.0|599.0|587.0|616.0|634.0|672.0|689.0|720.0|
||2016|757.0|734.0|687.0|607.0|576.0|607.0|631.0|697.0|716.0|746.0|734.0|769.0|
||2017|809.0|823.0|749.0|625.0|596.0|547.0|599.0|577.0|607.0|582.0|584.0|611.0|
||2018|669.0|662.0|632.0|598.0|616.0|614.0|640.0|657.0|709.0|763.0|836.0|920.0|
||2019|975.0|970.0|928.0|821.0|782.0|742.0|807.0|830.0|848.0|824.0|845.0|893.0|
||2020|882.0|817.0|731.0|693.0|711.0|726.0|713.0|646.0|612.0|625.0|618.0||
|3. (15-64) ve 22. (İlkokul) ve 2. (Tam Zamanlı, Ancak Bulamazsa Yarı Zamanlı Olabilir)|2014|54.0|52.0|40.0|42.0|36.0|43.0|34.0|35.0|43.0|48.0|57.0|58.0|
||2015|63.0|59.0|44.0|29.0|23.0|26.0|31.0|26.0|27.0|27.0|35.0|43.0|
||2016|47.0|42.0|35.0|33.0|37.0|37.0|33.0|27.0|29.0|34.0|41.0|49.0|
||2017|59.0|55.0|53.0|43.0|44.0|39.0|33.0|28.0|29.0|46.0|47.0|41.0|
||2018|38.0|34.0|36.0|25.0|31.0|28.0|29.0|28.0|30.0|29.0|29.0|31.0|
||2019|37.0|35.0|30.0|23.0|21.0|29.0|46.0|55.0|52.0|44.0|45.0|39.0|
||2020|32.0|20.0|24.0|30.0|38.0|39.0|35.0|34.0|30.0|29.0|27.0||
|3. (15-64) ve 22. (İlkokul) ve 3. (Yarı Zamanlı)|2014|8.0|11.0|14.0|9.0|9.0|5.0|8.0|8.0|11.0|12.0|14.0|13.0|
||2015|13.0|11.0|9.0|6.0|5.0|5.0|7.0|14.0|14.0|15.0|9.0|13.0|
||2016|14.0|13.0|12.0|8.0|8.0|6.0|6.0|8.0|7.0|9.0|14.0|15.0|
||2017|17.0|14.0|17.0|15.0|15.0|16.0|16.0|19.0|15.0|20.0|19.0|19.0|
||2018|9.0|8.0|6.0|7.0|3.0|6.0|10.0|13.0|11.0|13.0|14.0|14.0|
||2019|9.0|7.0|7.0|12.0|13.0|12.0|10.0|9.0|13.0|14.0|12.0|8.0|
||2020|4.0|8.0|8.0|8.0|6.0|7.0|8.0|10.0|9.0|9.0|8.0||
|3. (15-64) ve 22. (İlkokul) ve 4. (Yarı Zamanlı, Ancak Bulamazsa Tam Zamanlı Olabilir)|2014|-9.93E8|0.0|0.0|0.0|-9.93E8|-9.93E8|-9.93E8|-9.93E8|-9.93E8|0.0|1.0|1.0|
||2015|0.0|-9.93E8|-9.93E8|-9.93E8|-9.93E8|-9.93E8|-9.93E8|-9.93E8|-9.93E8|-9.93E8|1.0|0.0|
||2016|0.0|-9.93E8|-9.93E8|-9.93E8|-9.93E8|0.0|0.0|0.0|-9.93E8|1.0|1.0|1.0|
||2017|2.0|2.0|4.0|3.0|2.0|1.0|2.0|2.0|2.0|0.0|1.0|3.0|
||2018|2.0|4.0|2.0|2.0|1.0|1.0|1.0|-9.93E8|-9.93E8|-9.93E8|-9.93E8|-9.93E8|
||2019|1.0|1.0|1.0|1.0|1.0|1.0|1.0|1.0|1.0|-9.93E8|-9.93E8|-9.93E8|
||2020|-9.93E8|-9.93E8|-9.93E8|-9.93E8|1.0|1.0|1.0|-9.93E8|-9.93E8|-9.93E8|-9.93E8||
|3. (15-64) ve 22. (İlkokul) ve 5. (Tam Zamanlı Veya Yarı Zamanlı Farketmez)|2014|29.0|31.0|36.0|25.0|24.0|18.0|16.0|14.0|16.0|22.0|25.0|26.0|
||2015|29.0|25.0|21.0|14.0|15.0|17.0|20.0|17.0|19.0|14.0|21.0|21.0|
||2016|24.0|24.0|19.0|15.0|10.0|16.0|12.0|12.0|4.0|7.0|10.0|13.0|
||2017|12.0|9.0|9.0|8.0|6.0|7.0|7.0|7.0|10.0|12.0|18.0|15.0|
||2018|16.0|15.0|19.0|15.0|19.0|18.0|19.0|18.0|15.0|19.0|16.0|23.0|
||2019|28.0|30.0|25.0|17.0|16.0|13.0|18.0|15.0|17.0|13.0|12.0|21.0|
||2020|26.0|36.0|38.0|44.0|41.0|42.0|42.0|35.0|36.0|35.0|42.0||
|3. (15-64) ve 22. (İlkokul) ve 6. (Kendi İşini Kurmak İstiyor)|2014|15.0|13.0|16.0|21.0|23.0|27.0|26.0|25.0|21.0|22.0|36.0|43.0|
||2015|49.0|40.0|35.0|34.0|31.0|25.0|19.0|18.0|24.0|31.0|37.0|38.0|
||2016|40.0|36.0|34.0|22.0|22.0|21.0|24.0|25.0|22.0|28.0|26.0|30.0|
||2017|25.0|21.0|24.0|25.0|34.0|29.0|28.0|21.0|20.0|24.0|27.0|30.0|
||2018|27.0|21.0|19.0|15.0|17.0|15.0|21.0|25.0|22.0|22.0|18.0|21.0|
||2019|27.0|33.0|37.0|26.0|26.0|21.0|26.0|24.0|26.0|26.0|22.0|22.0|
||2020|18.0|27.0|24.0|28.0|25.0|29.0|26.0|25.0|24.0|27.0|30.0||
|3. (15-64) ve 22. (İlkokul) ve 7. (İş Bulmuş, Başlamak İçin Bekliyor)|2014|12.0|10.0|8.0|6.0|6.0|7.0|12.0|15.0|16.0|14.0|9.0|7.0|
||2015|7.0|9.0|9.0|9.0|10.0|12.0|10.0|9.0|10.0|7.0|8.0|6.0|
||2016|7.0|5.0|4.0|7.0|7.0|9.0|6.0|10.0|8.0|10.0|9.0|12.0|
||2017|14.0|12.0|11.0|6.0|5.0|2.0|5.0|8.0|11.0|11.0|8.0|9.0|
||2018|12.0|14.0|11.0|8.0|6.0|9.0|12.0|12.0|10.0|6.0|5.0|5.0|
||2019|6.0|5.0|4.0|5.0|9.0|12.0|13.0|17.0|16.0|14.0|10.0|9.0|
||2020|11.0|6.0|6.0|3.0|10.0|11.0|14.0|11.0|11.0|8.0|5.0||
|3. (15-64) ve 23. (İlköğretim) ve 1. (Tam Zamanlı)|2014|389.0|379.0|383.0|369.0|379.0|380.0|398.0|391.0|410.0|413.0|413.0|444.0|
||2015|447.0|445.0|403.0|387.0|394.0|401.0|409.0|393.0|395.0|408.0|415.0|413.0|
||2016|417.0|397.0|371.0|334.0|362.0|381.0|388.0|388.0|383.0|403.0|420.0|469.0|
||2017|491.0|481.0|405.0|341.0|303.0|315.0|314.0|325.0|314.0|334.0|330.0|337.0|
||2018|344.0|347.0|326.0|303.0|278.0|290.0|296.0|327.0|345.0|367.0|419.0|449.0|
||2019|504.0|485.0|473.0|418.0|419.0|403.0|433.0|393.0|391.0|387.0|427.0|443.0|
||2020|434.0|412.0|407.0|370.0|368.0|358.0|366.0|333.0|297.0|267.0|288.0||
|3. (15-64) ve 23. (İlköğretim) ve 2. (Tam Zamanlı, Ancak Bulamazsa Yarı Zamanlı Olabilir)|2014|17.0|21.0|21.0|19.0|14.0|15.0|14.0|13.0|11.0|14.0|12.0|17.0|
||2015|19.0|22.0|17.0|12.0|8.0|15.0|12.0|9.0|0.0|2.0|11.0|18.0|
||2016|21.0|16.0|12.0|10.0|8.0|13.0|15.0|16.0|13.0|15.0|18.0|23.0|
||2017|29.0|25.0|20.0|9.0|10.0|8.0|10.0|12.0|14.0|16.0|12.0|13.0|
||2018|12.0|14.0|11.0|7.0|7.0|12.0|14.0|13.0|8.0|4.0|4.0|6.0|
||2019|8.0|10.0|9.0|9.0|12.0|15.0|16.0|14.0|17.0|17.0|19.0|16.0|
||2020|20.0|15.0|18.0|15.0|13.0|10.0|7.0|9.0|8.0|16.0|17.0||
|3. (15-64) ve 23. (İlköğretim) ve 3. (Yarı Zamanlı)|2014|4.0|3.0|4.0|4.0|5.0|3.0|2.0|2.0|6.0|8.0|8.0|5.0|
||2015|7.0|8.0|6.0|6.0|7.0|5.0|4.0|2.0|2.0|1.0|2.0|2.0|
||2016|2.0|3.0|3.0|3.0|2.0|3.0|1.0|1.0|2.0|5.0|6.0|6.0|
||2017|5.0|5.0|3.0|1.0|2.0|4.0|4.0|2.0|1.0|1.0|1.0|4.0|
||2018|4.0|9.0|6.0|6.0|2.0|4.0|4.0|4.0|4.0|4.0|4.0|3.0|
||2019|2.0|2.0|3.0|3.0|2.0|-9.93E8|-9.93E8|2.0|2.0|2.0|2.0|2.0|
||2020|2.0|0.0|1.0|2.0|2.0|2.0|2.0|3.0|3.0|5.0|5.0||
|3. (15-64) ve 23. (İlköğretim) ve 4. (Yarı Zamanlı, Ancak Bulamazsa Tam Zamanlı Olabilir)|2014|0.0|0.0|0.0|0.0|1.0|1.0|1.0|-9.93E8|-9.93E8|-9.93E8|1.0|1.0|
||2015|1.0|1.0|1.0|-9.93E8|-9.93E8|-9.93E8|-9.93E8|1.0|1.0|1.0|-9.93E8|-9.93E8|
||2016|-9.93E8|-9.93E8|-9.93E8|1.0|1.0|1.0|-9.93E8|-9.93E8|-9.93E8|-9.93E8|-9.93E8|-9.93E8|
||2017|-9.93E8|-9.93E8|-9.93E8|-9.93E8|-9.93E8|-9.93E8|-9.93E8|-9.93E8|-9.93E8|-9.93E8|-9.93E8|-9.93E8|
||2018|-9.93E8|-9.93E8|-9.93E8|-9.93E8|-9.93E8|-9.93E8|-9.93E8|-9.93E8|-9.93E8|-9.93E8|-9.93E8|-9.93E8|
||2019|-9.93E8|-9.93E8|1.0|1.0|1.0|-9.93E8|-9.93E8|-9.93E8|-9.93E8|-9.93E8|-9.93E8|-9.93E8|
||2020|-9.93E8|-9.93E8|-9.93E8|-9.93E8|-9.93E8|-9.93E8|-9.93E8|2.0|1.0|2.0|-9.93E8||
|3. (15-64) ve 23. (İlköğretim) ve 5. (Tam Zamanlı Veya Yarı Zamanlı Farketmez)|2014|13.0|16.0|18.0|16.0|12.0|8.0|12.0|10.0|9.0|11.0|10.0|13.0|
||2015|9.0|8.0|6.0|5.0|8.0|9.0|10.0|7.0|3.0|1.0|3.0|3.0|
||2016|7.0|12.0|14.0|10.0|4.0|2.0|4.0|3.0|3.0|1.0|1.0|3.0|
||2017|3.0|4.0|4.0|4.0|2.0|0.0|-9.93E8|-9.93E8|0.0|3.0|3.0|4.0|
||2018|3.0|4.0|7.0|8.0|10.0|8.0|7.0|5.0|7.0|9.0|9.0|8.0|
||2019|7.0|6.0|6.0|6.0|6.0|6.0|3.0|6.0|6.0|7.0|4.0|5.0|
||2020|12.0|24.0|25.0|22.0|16.0|17.0|15.0|15.0|15.0|22.0|25.0||
|3. (15-64) ve 23. (İlköğretim) ve 6. (Kendi İşini Kurmak İstiyor)|2014|9.0|10.0|9.0|6.0|6.0|6.0|9.0|12.0|12.0|10.0|12.0|14.0|
||2015|22.0|17.0|17.0|12.0|16.0|14.0|17.0|15.0|16.0|13.0|15.0|20.0|
||2016|22.0|16.0|14.0|10.0|10.0|11.0|14.0|15.0|12.0|13.0|13.0|17.0|
||2017|14.0|14.0|10.0|12.0|12.0|15.0|12.0|12.0|9.0|11.0|9.0|10.0|
||2018|7.0|8.0|7.0|7.0|6.0|4.0|3.0|3.0|7.0|9.0|11.0|14.0|
||2019|16.0|20.0|21.0|18.0|14.0|10.0|9.0|10.0|11.0|13.0|10.0|8.0|
||2020|6.0|6.0|9.0|13.0|15.0|12.0|14.0|17.0|20.0|20.0|18.0||
|3. (15-64) ve 23. (İlköğretim) ve 7. (İş Bulmuş, Başlamak İçin Bekliyor)|2014|8.0|7.0|5.0|7.0|7.0|9.0|9.0|9.0|10.0|7.0|9.0|8.0|
||2015|9.0|8.0|6.0|2.0|3.0|3.0|4.0|4.0|8.0|9.0|9.0|6.0|
||2016|7.0|8.0|9.0|8.0|6.0|5.0|4.0|7.0|4.0|3.0|1.0|5.0|
||2017|7.0|8.0|8.0|9.0|9.0|5.0|6.0|6.0|8.0|6.0|6.0|4.0|
||2018|7.0|12.0|14.0|15.0|15.0|12.0|8.0|3.0|6.0|5.0|5.0|6.0|
||2019|7.0|7.0|3.0|3.0|2.0|2.0|5.0|6.0|7.0|2.0|6.0|6.0|
||2020|7.0|5.0|4.0|4.0|4.0|5.0|5.0|5.0|8.0|6.0|7.0||
|3. (15-64) ve 24. (Ortaokul Veya Dengi Meslek Ortaokul) ve 1. (Tam Zamanlı)|2014|170.0|184.0|181.0|159.0|168.0|182.0|182.0|175.0|191.0|196.0|196.0|199.0|
||2015|219.0|213.0|217.0|208.0|213.0|230.0|247.0|251.0|244.0|224.0|232.0|242.0|
||2016|248.0|246.0|227.0|242.0|253.0|275.0|280.0|269.0|268.0|269.0|282.0|316.0|
||2017|343.0|337.0|312.0|278.0|292.0|296.0|333.0|310.0|313.0|282.0|281.0|287.0|
||2018|291.0|288.0|265.0|290.0|332.0|352.0|364.0|344.0|356.0|360.0|402.0|448.0|
||2019|477.0|476.0|459.0|471.0|513.0|523.0|571.0|525.0|512.0|464.0|462.0|483.0|
||2020|472.0|491.0|456.0|440.0|433.0|480.0|500.0|464.0|405.0|383.0|405.0||
|3. (15-64) ve 24. (Ortaokul Veya Dengi Meslek Ortaokul) ve 2. (Tam Zamanlı, Ancak Bulamazsa Yarı Zamanlı Olabilir)|2014|9.0|10.0|8.0|10.0|7.0|6.0|2.0|4.0|7.0|6.0|6.0|6.0|
||2015|8.0|8.0|5.0|3.0|4.0|7.0|8.0|8.0|6.0|8.0|7.0|11.0|
||2016|9.0|8.0|5.0|9.0|13.0|18.0|17.0|14.0|9.0|16.0|20.0|25.0|
||2017|21.0|18.0|19.0|21.0|23.0|19.0|17.0|12.0|11.0|12.0|15.0|16.0|
||2018|18.0|17.0|16.0|10.0|16.0|19.0|20.0|14.0|13.0|10.0|11.0|12.0|
||2019|13.0|15.0|9.0|10.0|9.0|14.0|19.0|22.0|16.0|12.0|18.0|21.0|
||2020|19.0|11.0|13.0|14.0|16.0|9.0|9.0|6.0|11.0|17.0|18.0||
|3. (15-64) ve 24. (Ortaokul Veya Dengi Meslek Ortaokul) ve 3. (Yarı Zamanlı)|2014|5.0|5.0|6.0|4.0|1.0|1.0|1.0|1.0|4.0|4.0|3.0|1.0|
||2015|3.0|3.0|3.0|1.0|3.0|4.0|6.0|6.0|7.0|7.0|7.0|9.0|
||2016|6.0|7.0|5.0|6.0|6.0|5.0|6.0|5.0|5.0|5.0|4.0|5.0|
||2017|5.0|11.0|10.0|12.0|9.0|9.0|5.0|4.0|3.0|6.0|6.0|5.0|
||2018|10.0|16.0|18.0|15.0|8.0|8.0|6.0|6.0|4.0|3.0|4.0|8.0|
||2019|9.0|9.0|6.0|7.0|9.0|12.0|14.0|11.0|6.0|3.0|2.0|3.0|
||2020|7.0|7.0|8.0|7.0|10.0|14.0|14.0|15.0|16.0|19.0|16.0||
|3. (15-64) ve 24. (Ortaokul Veya Dengi Meslek Ortaokul) ve 4. (Yarı Zamanlı, Ancak Bulamazsa Tam Zamanlı Olabilir)|2014|-9.93E8|-9.93E8|-9.93E8|-9.93E8|-9.93E8|-9.93E8|-9.93E8|-9.93E8|-9.93E8|-9.93E8|-9.93E8|-9.93E8|
||2015|-9.93E8|-9.93E8|1.0|1.0|1.0|-9.93E8|-9.93E8|-9.93E8|-9.93E8|-9.93E8|-9.93E8|-9.93E8|
||2016|-9.93E8|-9.93E8|-9.93E8|1.0|1.0|1.0|0.0|-9.93E8|0.0|0.0|0.0|-9.93E8|
||2017|-9.93E8|-9.93E8|1.0|1.0|1.0|1.0|-9.93E8|-9.93E8|-9.93E8|-9.93E8|-9.93E8|-9.93E8|
||2018|-9.93E8|-9.93E8|-9.93E8|-9.93E8|-9.93E8|-9.93E8|-9.93E8|-9.93E8|-9.93E8|-9.93E8|1.0|1.0|
||2019|1.0|0.0|1.0|1.0|1.0|-9.93E8|-9.93E8|-9.93E8|-9.93E8|-9.93E8|-9.93E8|-9.93E8|
||2020|-9.93E8|0.0|2.0|2.0|2.0|-9.93E8|-9.93E8|-9.93E8|1.0|1.0|3.0||
|3. (15-64) ve 24. (Ortaokul Veya Dengi Meslek Ortaokul) ve 5. (Tam Zamanlı Veya Yarı Zamanlı Farketmez)|2014|12.0|13.0|13.0|10.0|9.0|9.0|8.0|9.0|9.0|9.0|8.0|8.0|
||2015|6.0|8.0|4.0|3.0|3.0|5.0|6.0|5.0|3.0|2.0|3.0|5.0|
||2016|6.0|4.0|1.0|3.0|6.0|14.0|14.0|12.0|4.0|2.0|1.0|2.0|
||2017|2.0|3.0|1.0|3.0|2.0|2.0|2.0|1.0|5.0|7.0|8.0|6.0|
||2018|5.0|4.0|4.0|6.0|10.0|8.0|14.0|11.0|14.0|7.0|6.0|9.0|
||2019|9.0|15.0|12.0|12.0|8.0|8.0|8.0|7.0|6.0|4.0|5.0|5.0|
||2020|9.0|11.0|21.0|32.0|40.0|40.0|35.0|26.0|23.0|20.0|23.0||
|3. (15-64) ve 24. (Ortaokul Veya Dengi Meslek Ortaokul) ve 6. (Kendi İşini Kurmak İstiyor)|2014|12.0|8.0|7.0|8.0|9.0|8.0|7.0|7.0|12.0|14.0|16.0|16.0|
||2015|15.0|19.0|17.0|17.0|9.0|9.0|10.0|12.0|13.0|9.0|9.0|10.0|
||2016|10.0|9.0|9.0|9.0|9.0|10.0|15.0|15.0|15.0|11.0|12.0|14.0|
||2017|14.0|16.0|13.0|14.0|14.0|14.0|11.0|8.0|7.0|9.0|12.0|15.0|
||2018|11.0|12.0|11.0|12.0|7.0|9.0|13.0|16.0|16.0|14.0|11.0|12.0|
||2019|12.0|14.0|16.0|13.0|15.0|16.0|17.0|14.0|8.0|10.0|13.0|12.0|
||2020|10.0|12.0|11.0|13.0|11.0|18.0|18.0|22.0|19.0|20.0|22.0||
|3. (15-64) ve 24. (Ortaokul Veya Dengi Meslek Ortaokul) ve 7. (İş Bulmuş, Başlamak İçin Bekliyor)|2014|3.0|3.0|2.0|1.0|1.0|2.0|2.0|2.0|1.0|2.0|2.0|3.0|
||2015|2.0|4.0|3.0|2.0|2.0|3.0|4.0|4.0|2.0|1.0|-9.93E8|2.0|
||2016|3.0|4.0|3.0|3.0|2.0|4.0|4.0|5.0|4.0|6.0|6.0|5.0|
||2017|4.0|4.0|4.0|4.0|4.0|2.0|5.0|6.0|7.0|3.0|2.0|5.0|
||2018|8.0|8.0|4.0|4.0|9.0|10.0|13.0|11.0|11.0|6.0|4.0|4.0|
||2019|5.0|3.0|5.0|12.0|13.0|11.0|11.0|14.0|14.0|5.0|1.0|2.0|
||2020|3.0|3.0|4.0|5.0|7.0|8.0|9.0|8.0|7.0|7.0|6.0||
|3. (15-64) ve 31. (Genel Lise) ve 1. (Tam Zamanlı)|2014|279.0|279.0|286.0|278.0|302.0|310.0|331.0|297.0|287.0|281.0|294.0|293.0|
||2015|319.0|324.0|310.0|282.0|287.0|319.0|325.0|328.0|308.0|330.0|321.0|347.0|
||2016|336.0|341.0|311.0|301.0|334.0|355.0|351.0|362.0|358.0|373.0|353.0|363.0|
||2017|373.0|380.0|378.0|361.0|351.0|367.0|364.0|338.0|316.0|302.0|328.0|348.0|
||2018|377.0|358.0|349.0|331.0|346.0|371.0|377.0|371.0|362.0|360.0|392.0|427.0|
||2019|475.0|470.0|461.0|437.0|472.0|508.0|519.0|498.0|463.0|457.0|442.0|443.0|
||2020|471.0|461.0|424.0|384.0|385.0|444.0|462.0|472.0|418.0|425.0|409.0||
|3. (15-64) ve 31. (Genel Lise) ve 2. (Tam Zamanlı, Ancak Bulamazsa Yarı Zamanlı Olabilir)|2014|14.0|16.0|15.0|11.0|13.0|19.0|19.0|17.0|14.0|12.0|13.0|8.0|
||2015|7.0|9.0|9.0|10.0|5.0|7.0|7.0|8.0|8.0|6.0|10.0|15.0|
||2016|18.0|15.0|9.0|10.0|13.0|13.0|15.0|14.0|17.0|15.0|13.0|14.0|
||2017|16.0|19.0|18.0|19.0|20.0|21.0|17.0|22.0|20.0|22.0|21.0|20.0|
||2018|19.0|13.0|15.0|13.0|14.0|10.0|8.0|4.0|3.0|5.0|7.0|8.0|
||2019|8.0|9.0|7.0|9.0|11.0|17.0|19.0|16.0|13.0|16.0|15.0|13.0|
||2020|12.0|13.0|13.0|11.0|8.0|9.0|8.0|11.0|14.0|20.0|18.0||
|3. (15-64) ve 31. (Genel Lise) ve 3. (Yarı Zamanlı)|2014|16.0|18.0|16.0|14.0|13.0|12.0|9.0|13.0|15.0|19.0|16.0|15.0|
||2015|21.0|25.0|28.0|19.0|16.0|7.0|8.0|10.0|15.0|21.0|21.0|20.0|
||2016|19.0|22.0|23.0|22.0|17.0|12.0|13.0|13.0|20.0|22.0|29.0|24.0|
||2017|30.0|26.0|27.0|18.0|13.0|15.0|19.0|22.0|31.0|25.0|25.0|21.0|
||2018|25.0|23.0|20.0|13.0|10.0|7.0|9.0|13.0|22.0|31.0|30.0|30.0|
||2019|29.0|32.0|28.0|22.0|17.0|20.0|25.0|27.0|27.0|32.0|36.0|37.0|
||2020|30.0|29.0|16.0|12.0|12.0|14.0|15.0|16.0|25.0|29.0|29.0||
|3. (15-64) ve 31. (Genel Lise) ve 4. (Yarı Zamanlı, Ancak Bulamazsa Tam Zamanlı Olabilir)|2014|0.0|0.0|1.0|2.0|3.0|2.0|1.0|-9.93E8|-9.93E8|-9.93E8|-9.93E8|-9.93E8|
||2015|-9.93E8|-9.93E8|1.0|1.0|1.0|0.0|0.0|-9.93E8|0.0|0.0|0.0|1.0|
||2016|1.0|2.0|1.0|1.0|-9.93E8|-9.93E8|-9.93E8|-9.93E8|1.0|3.0|4.0|2.0|
||2017|0.0|-9.93E8|0.0|0.0|1.0|1.0|1.0|0.0|0.0|1.0|0.0|1.0|
||2018|1.0|1.0|-9.93E8|1.0|3.0|3.0|1.0|1.0|3.0|4.0|3.0|1.0|
||2019|-9.93E8|1.0|2.0|2.0|1.0|1.0|1.0|1.0|-9.93E8|-9.93E8|-9.93E8|0.0|
||2020|0.0|0.0|1.0|1.0|1.0|1.0|1.0|-9.93E8|-9.93E8|-9.93E8|-9.93E8||
|3. (15-64) ve 31. (Genel Lise) ve 5. (Tam Zamanlı Veya Yarı Zamanlı Farketmez)|2014|7.0|8.0|10.0|7.0|6.0|6.0|9.0|12.0|10.0|9.0|7.0|6.0|
||2015|8.0|7.0|8.0|7.0|6.0|8.0|8.0|10.0|8.0|6.0|7.0|8.0|
||2016|9.0|7.0|6.0|3.0|4.0|4.0|6.0|5.0|5.0|4.0|5.0|5.0|
||2017|2.0|1.0|1.0|3.0|5.0|8.0|6.0|6.0|4.0|6.0|6.0|4.0|
||2018|7.0|9.0|10.0|8.0|10.0|14.0|15.0|10.0|8.0|7.0|6.0|8.0|
||2019|8.0|8.0|7.0|7.0|6.0|5.0|6.0|6.0|9.0|7.0|5.0|5.0|
||2020|7.0|10.0|13.0|24.0|24.0|22.0|14.0|16.0|20.0|22.0|26.0||
|3. (15-64) ve 31. (Genel Lise) ve 6. (Kendi İşini Kurmak İstiyor)|2014|17.0|21.0|20.0|13.0|13.0|13.0|17.0|16.0|14.0|12.0|13.0|21.0|
||2015|27.0|28.0|18.0|14.0|13.0|17.0|16.0|16.0|17.0|20.0|22.0|20.0|
||2016|26.0|23.0|21.0|14.0|17.0|20.0|25.0|21.0|21.0|16.0|18.0|16.0|
||2017|23.0|20.0|26.0|19.0|20.0|13.0|12.0|12.0|16.0|18.0|17.0|14.0|
||2018|15.0|17.0|19.0|17.0|18.0|21.0|20.0|17.0|15.0|12.0|10.0|15.0|
||2019|22.0|27.0|26.0|23.0|19.0|17.0|16.0|20.0|19.0|18.0|17.0|16.0|
||2020|16.0|13.0|15.0|18.0|22.0|21.0|20.0|22.0|26.0|26.0|27.0||
|3. (15-64) ve 31. (Genel Lise) ve 7. (İş Bulmuş, Başlamak İçin Bekliyor)|2014|10.0|5.0|4.0|4.0|8.0|6.0|5.0|4.0|6.0|4.0|4.0|7.0|
||2015|8.0|7.0|5.0|4.0|4.0|6.0|6.0|8.0|7.0|9.0|4.0|4.0|
||2016|4.0|5.0|8.0|8.0|8.0|5.0|3.0|4.0|5.0|7.0|7.0|9.0|
||2017|13.0|13.0|14.0|11.0|12.0|7.0|7.0|7.0|7.0|5.0|3.0|6.0|
||2018|6.0|9.0|11.0|10.0|13.0|10.0|12.0|9.0|9.0|9.0|4.0|3.0|
||2019|4.0|4.0|5.0|4.0|6.0|8.0|7.0|10.0|9.0|8.0|4.0|3.0|
||2020|9.0|9.0|9.0|6.0|6.0|7.0|11.0|11.0|9.0|4.0|8.0||
|3. (15-64) ve 32. (Lise Dengi Mesleki Okul) ve 1. (Tam Zamanlı)|2014|252.0|260.0|238.0|220.0|216.0|236.0|271.0|273.0|280.0|284.0|285.0|280.0|
||2015|270.0|278.0|273.0|262.0|263.0|277.0|263.0|273.0|278.0|282.0|261.0|260.0|
||2016|272.0|284.0|275.0|272.0|267.0|282.0|301.0|326.0|345.0|366.0|396.0|406.0|
||2017|417.0|380.0|358.0|327.0|333.0|334.0|337.0|356.0|370.0|346.0|327.0|329.0|
||2018|343.0|318.0|287.0|275.0|288.0|316.0|342.0|380.0|402.0|408.0|418.0|438.0|
||2019|489.0|507.0|482.0|439.0|431.0|475.0|511.0|514.0|492.0|495.0|495.0|475.0|
||2020|457.0|446.0|415.0|394.0|394.0|434.0|441.0|467.0|442.0|443.0|421.0||
|3. (15-64) ve 32. (Lise Dengi Mesleki Okul) ve 2. (Tam Zamanlı, Ancak Bulamazsa Yarı Zamanlı Olabilir)|2014|5.0|10.0|11.0|13.0|11.0|13.0|14.0|14.0|11.0|12.0|12.0|18.0|
||2015|14.0|11.0|7.0|6.0|6.0|4.0|5.0|5.0|7.0|6.0|8.0|10.0|
||2016|9.0|7.0|8.0|11.0|12.0|10.0|10.0|13.0|20.0|24.0|23.0|17.0|
||2017|20.0|22.0|17.0|14.0|12.0|14.0|12.0|11.0|12.0|13.0|13.0|10.0|
||2018|10.0|13.0|16.0|12.0|13.0|14.0|19.0|19.0|20.0|17.0|12.0|11.0|
||2019|10.0|12.0|9.0|8.0|7.0|14.0|16.0|19.0|17.0|25.0|22.0|16.0|
||2020|8.0|11.0|13.0|12.0|14.0|14.0|12.0|13.0|12.0|15.0|15.0||
|3. (15-64) ve 32. (Lise Dengi Mesleki Okul) ve 3. (Yarı Zamanlı)|2014|5.0|5.0|4.0|4.0|4.0|4.0|2.0|4.0|6.0|7.0|6.0|5.0|
||2015|7.0|11.0|12.0|9.0|5.0|3.0|3.0|5.0|9.0|14.0|11.0|11.0|
||2016|13.0|19.0|14.0|9.0|4.0|5.0|7.0|9.0|15.0|16.0|18.0|14.0|
||2017|14.0|15.0|17.0|19.0|12.0|7.0|3.0|5.0|10.0|13.0|16.0|14.0|
||2018|16.0|16.0|16.0|15.0|10.0|6.0|2.0|4.0|8.0|9.0|13.0|11.0|
||2019|12.0|9.0|12.0|15.0|13.0|10.0|7.0|10.0|10.0|13.0|19.0|19.0|
||2020|16.0|10.0|7.0|5.0|3.0|5.0|3.0|8.0|9.0|13.0|11.0||
|3. (15-64) ve 32. (Lise Dengi Mesleki Okul) ve 4. (Yarı Zamanlı, Ancak Bulamazsa Tam Zamanlı Olabilir)|2014|-9.93E8|-9.93E8|1.0|1.0|1.0|-9.93E8|-9.93E8|-9.93E8|-9.93E8|-9.93E8|-9.93E8|-9.93E8|
||2015|-9.93E8|-9.93E8|-9.93E8|-9.93E8|-9.93E8|-9.93E8|-9.93E8|-9.93E8|-9.93E8|-9.93E8|1.0|0.0|
||2016|0.0|-9.93E8|-9.93E8|0.0|0.0|0.0|-9.93E8|-9.93E8|-9.93E8|-9.93E8|-9.93E8|-9.93E8|
||2017|-9.93E8|-9.93E8|-9.93E8|-9.93E8|-9.93E8|-9.93E8|-9.93E8|-9.93E8|-9.93E8|-9.93E8|-9.93E8|-9.93E8|
||2018|-9.93E8|-9.93E8|-9.93E8|-9.93E8|-9.93E8|-9.93E8|-9.93E8|-9.93E8|-9.93E8|-9.93E8|-9.93E8|-9.93E8|
||2019|-9.93E8|-9.93E8|-9.93E8|-9.93E8|1.0|1.0|1.0|-9.93E8|-9.93E8|-9.93E8|-9.93E8|-9.93E8|
||2020|-9.93E8|1.0|1.0|1.0|-9.93E8|-9.93E8|-9.93E8|-9.93E8|1.0|1.0|2.0||
|3. (15-64) ve 32. (Lise Dengi Mesleki Okul) ve 5. (Tam Zamanlı Veya Yarı Zamanlı Farketmez)|2014|9.0|10.0|12.0|6.0|7.0|5.0|7.0|6.0|9.0|13.0|13.0|11.0|
||2015|8.0|6.0|7.0|7.0|7.0|4.0|3.0|4.0|5.0|4.0|4.0|5.0|
||2016|5.0|5.0|4.0|6.0|5.0|7.0|8.0|8.0|4.0|5.0|5.0|5.0|
||2017|2.0|2.0|2.0|1.0|3.0|4.0|6.0|5.0|5.0|4.0|3.0|2.0|
||2018|2.0|2.0|4.0|3.0|4.0|2.0|3.0|2.0|4.0|4.0|5.0|6.0|
||2019|8.0|11.0|9.0|7.0|5.0|6.0|5.0|4.0|3.0|3.0|4.0|6.0|
||2020|11.0|18.0|22.0|22.0|24.0|25.0|27.0|22.0|24.0|26.0|28.0||
|3. (15-64) ve 32. (Lise Dengi Mesleki Okul) ve 6. (Kendi İşini Kurmak İstiyor)|2014|10.0|9.0|9.0|10.0|11.0|10.0|11.0|10.0|9.0|7.0|10.0|13.0|
||2015|15.0|17.0|14.0|10.0|9.0|9.0|10.0|8.0|7.0|8.0|9.0|12.0|
||2016|16.0|17.0|16.0|14.0|12.0|11.0|7.0|11.0|21.0|21.0|19.0|12.0|
||2017|16.0|13.0|18.0|21.0|23.0|15.0|11.0|8.0|11.0|10.0|13.0|12.0|
||2018|9.0|8.0|8.0|13.0|14.0|14.0|11.0|10.0|9.0|8.0|12.0|13.0|
||2019|13.0|13.0|11.0|13.0|11.0|12.0|11.0|11.0|13.0|16.0|17.0|17.0|
||2020|11.0|13.0|13.0|16.0|15.0|15.0|17.0|17.0|18.0|18.0|20.0||
|3. (15-64) ve 32. (Lise Dengi Mesleki Okul) ve 7. (İş Bulmuş, Başlamak İçin Bekliyor)|2014|8.0|9.0|7.0|8.0|7.0|8.0|6.0|8.0|7.0|6.0|5.0|6.0|
||2015|5.0|6.0|7.0|6.0|5.0|3.0|6.0|4.0|7.0|8.0|9.0|6.0|
||2016|3.0|2.0|1.0|1.0|2.0|3.0|2.0|8.0|8.0|11.0|6.0|8.0|
||2017|7.0|5.0|3.0|2.0|5.0|5.0|7.0|9.0|13.0|11.0|7.0|4.0|
||2018|5.0|7.0|8.0|14.0|14.0|13.0|6.0|6.0|7.0|8.0|9.0|13.0|
||2019|13.0|11.0|6.0|9.0|10.0|13.0|11.0|13.0|16.0|14.0|10.0|10.0|
||2020|12.0|12.0|7.0|5.0|6.0|7.0|9.0|9.0|11.0|8.0|7.0||
|3. (15-64) ve 4. (Yüksek Öğretim) ve 1. (Tam Zamanlı)|2014|439.0|430.0|420.0|431.0|436.0|492.0|589.0|665.0|697.0|661.0|634.0|611.0|
||2015|611.0|594.0|579.0|532.0|561.0|588.0|657.0|702.0|724.0|695.0|637.0|608.0|
||2016|608.0|614.0|601.0|584.0|625.0|724.0|844.0|903.0|913.0|894.0|891.0|864.0|
||2017|856.0|838.0|799.0|765.0|755.0|837.0|933.0|936.0|922.0|842.0|822.0|785.0|
||2018|764.0|761.0|742.0|739.0|738.0|814.0|938.0|1010.0|991.0|961.0|949.0|1001.0|
||2019|1021.0|1041.0|1005.0|962.0|943.0|976.0|1085.0|1174.0|1169.0|1099.0|1005.0|996.0|
||2020|964.0|895.0|840.0|795.0|828.0|936.0|1008.0|1065.0|1068.0|1057.0|1049.0||
|3. (15-64) ve 4. (Yüksek Öğretim) ve 2. (Tam Zamanlı, Ancak Bulamazsa Yarı Zamanlı Olabilir)|2014|10.0|11.0|10.0|11.0|8.0|9.0|10.0|13.0|16.0|14.0|14.0|12.0|
||2015|14.0|14.0|19.0|12.0|8.0|3.0|8.0|8.0|10.0|5.0|7.0|14.0|
||2016|17.0|16.0|13.0|13.0|18.0|14.0|14.0|12.0|21.0|24.0|29.0|24.0|
||2017|29.0|27.0|30.0|33.0|33.0|27.0|25.0|27.0|31.0|26.0|22.0|16.0|
||2018|22.0|17.0|17.0|15.0|17.0|20.0|14.0|14.0|14.0|12.0|11.0|6.0|
||2019|7.0|5.0|4.0|3.0|6.0|15.0|18.0|25.0|23.0|22.0|23.0|22.0|
||2020|22.0|18.0|15.0|19.0|16.0|18.0|18.0|23.0|29.0|31.0|27.0||
|3. (15-64) ve 4. (Yüksek Öğretim) ve 3. (Yarı Zamanlı)|2014|6.0|7.0|7.0|5.0|3.0|3.0|1.0|3.0|4.0|4.0|3.0|4.0|
||2015|5.0|5.0|4.0|3.0|2.0|3.0|1.0|2.0|5.0|13.0|14.0|10.0|
||2016|2.0|0.0|0.0|0.0|1.0|3.0|5.0|8.0|6.0|7.0|4.0|4.0|
||2017|4.0|3.0|7.0|6.0|8.0|5.0|5.0|6.0|6.0|7.0|5.0|6.0|
||2018|7.0|9.0|9.0|6.0|6.0|4.0|4.0|3.0|5.0|8.0|9.0|8.0|
||2019|7.0|6.0|7.0|6.0|7.0|6.0|7.0|10.0|12.0|10.0|8.0|9.0|
||2020|10.0|7.0|3.0|2.0|3.0|3.0|4.0|7.0|11.0|12.0|10.0||
|3. (15-64) ve 4. (Yüksek Öğretim) ve 4. (Yarı Zamanlı, Ancak Bulamazsa Tam Zamanlı Olabilir)|2014|-9.93E8|-9.93E8|-9.93E8|-9.93E8|-9.93E8|-9.93E8|-9.93E8|-9.93E8|-9.93E8|-9.93E8|-9.93E8|-9.93E8|
||2015|-9.93E8|-9.93E8|-9.93E8|-9.93E8|-9.93E8|-9.93E8|-9.93E8|-9.93E8|-9.93E8|-9.93E8|-9.93E8|1.0|
||2016|1.0|1.0|-9.93E8|-9.93E8|-9.93E8|-9.93E8|-9.93E8|-9.93E8|-9.93E8|-9.93E8|-9.93E8|-9.93E8|
||2017|-9.93E8|-9.93E8|-9.93E8|-9.93E8|0.0|2.0|2.0|1.0|0.0|0.0|-9.93E8|-9.93E8|
||2018|-9.93E8|-9.93E8|-9.93E8|-9.93E8|-9.93E8|-9.93E8|-9.93E8|-9.93E8|-9.93E8|-9.93E8|-9.93E8|-9.93E8|
||2019|-9.93E8|-9.93E8|-9.93E8|-9.93E8|1.0|1.0|1.0|1.0|1.0|1.0|-9.93E8|0.0|
||2020|0.0|0.0|-9.93E8|-9.93E8|-9.93E8|-9.93E8|-9.93E8|1.0|1.0|1.0|1.0||
|3. (15-64) ve 4. (Yüksek Öğretim) ve 5. (Tam Zamanlı Veya Yarı Zamanlı Farketmez)|2014|10.0|10.0|9.0|8.0|6.0|7.0|11.0|13.0|14.0|15.0|15.0|12.0|
||2015|6.0|2.0|5.0|6.0|6.0|7.0|6.0|9.0|6.0|6.0|4.0|4.0|
||2016|3.0|4.0|3.0|5.0|7.0|6.0|9.0|8.0|8.0|5.0|4.0|4.0|
||2017|2.0|2.0|2.0|2.0|2.0|3.0|3.0|5.0|3.0|3.0|4.0|3.0|
||2018|4.0|7.0|8.0|10.0|6.0|5.0|3.0|3.0|10.0|14.0|17.0|11.0|
||2019|12.0|11.0|12.0|7.0|6.0|9.0|11.0|10.0|7.0|9.0|8.0|10.0|
||2020|14.0|19.0|26.0|32.0|37.0|38.0|38.0|43.0|44.0|45.0|39.0||
|3. (15-64) ve 4. (Yüksek Öğretim) ve 6. (Kendi İşini Kurmak İstiyor)|2014|18.0|18.0|16.0|15.0|21.0|30.0|25.0|25.0|17.0|19.0|32.0|37.0|
||2015|39.0|29.0|29.0|32.0|27.0|29.0|27.0|27.0|25.0|34.0|32.0|29.0|
||2016|21.0|18.0|20.0|15.0|20.0|23.0|31.0|25.0|22.0|23.0|34.0|42.0|
||2017|43.0|37.0|28.0|21.0|21.0|28.0|37.0|33.0|32.0|27.0|27.0|22.0|
||2018|21.0|26.0|26.0|30.0|29.0|33.0|31.0|34.0|32.0|30.0|29.0|28.0|
||2019|32.0|30.0|26.0|21.0|22.0|25.0|25.0|26.0|20.0|25.0|25.0|36.0|
||2020|30.0|29.0|20.0|28.0|27.0|31.0|33.0|37.0|42.0|43.0|42.0||
|3. (15-64) ve 4. (Yüksek Öğretim) ve 7. (İş Bulmuş, Başlamak İçin Bekliyor)|2014|10.0|11.0|14.0|10.0|7.0|8.0|20.0|23.0|21.0|12.0|8.0|9.0|
||2015|8.0|11.0|11.0|12.0|10.0|13.0|18.0|25.0|19.0|15.0|8.0|12.0|
||2016|15.0|16.0|17.0|13.0|15.0|14.0|20.0|20.0|20.0|22.0|20.0|18.0|
||2017|12.0|13.0|17.0|14.0|19.0|22.0|29.0|39.0|39.0|35.0|23.0|13.0|
||2018|14.0|14.0|16.0|16.0|16.0|25.0|35.0|41.0|35.0|22.0|13.0|11.0|
||2019|18.0|24.0|28.0|24.0|19.0|20.0|21.0|22.0|13.0|8.0|11.0|19.0|
||2020|23.0|23.0|21.0|20.0|23.0|24.0|32.0|35.0|36.0|27.0|19.0||
|||||||||||||||
